submission_id,strategy,problem_id,language,arrival_time_s,wait_time_ms,execution_ms,cpu_time_ms,turnaround_ms,allocated_mb,used_mb,wasted_mb,wasted_pct,allocated_cpu_cores,cpu_shares,tier_started,tier_promoted,promotion_time_ms
sub_00001,baseline,P2_knapsack_2d_dp,cpp,0.03,0.0,663.97,160.06,663.97,2048.0,210.0,1838.0,89.75,2.0,2048,high,False,0.0
sub_00002,baseline,P1_prefix_sums,cpp,0.24,0.0,559.74,33.52,559.74,2048.0,6.55,2041.45,99.68,2.0,2048,high,False,0.0
sub_00003,baseline,P5_top_k_streaming,cpp,2.2,0.0,711.99,41.59,711.99,2048.0,6.55,2041.45,99.68,2.0,2048,high,False,0.0
sub_00004,baseline,P3_floyd_warshall,cpp,4.2,0.0,628.47,48.8,628.47,2048.0,6.83,2041.17,99.67,2.0,2048,high,False,0.0
sub_00005,baseline,P4_game_tree_search,python,4.53,0.0,595.66,306.73,595.66,2048.0,9.73,2038.27,99.53,2.0,2048,high,False,0.0
sub_00006,baseline,P1_prefix_sums,cpp,4.68,0.0,535.16,32.05,535.16,2048.0,6.26,2041.74,99.69,2.0,2048,high,False,0.0
sub_00007,baseline,P1_prefix_sums,cpp,4.84,0.0,559.34,33.5,559.34,2048.0,6.55,2041.45,99.68,2.0,2048,high,False,0.0
sub_00008,baseline,P4_game_tree_search,cpp,5.68,0.0,573.69,55.75,573.69,2048.0,6.42,2041.58,99.69,2.0,2048,high,False,0.0
sub_00009,baseline,P1_prefix_sums,cpp,5.73,0.0,542.45,32.49,542.45,2048.0,6.35,2041.65,99.69,2.0,2048,high,False,0.0
sub_00010,baseline,P1_prefix_sums,java,6.47,0.0,925.58,142.1,925.58,2048.0,20.43,2027.57,99.0,2.0,2048,high,False,0.0
sub_00011,baseline,P1_prefix_sums,cpp,7.09,0.0,560.37,33.56,560.37,2048.0,6.56,2041.44,99.68,2.0,2048,high,False,0.0
sub_00012,baseline,P4_game_tree_search,java,7.18,0.0,971.27,172.97,971.27,2048.0,20.34,2027.66,99.01,2.0,2048,high,False,0.0
sub_00013,baseline,P4_game_tree_search,python,7.31,0.0,599.34,308.63,599.34,2048.0,9.79,2038.21,99.52,2.0,2048,high,False,0.0
sub_00014,baseline,P5_top_k_streaming,python,8.51,0.0,375.51,91.09,375.51,2048.0,13.82,2034.18,99.33,2.0,2048,high,False,0.0
sub_00015,baseline,P2_knapsack_2d_dp,cpp,9.13,0.0,656.57,158.28,656.57,2048.0,207.66,1840.34,89.86,2.0,2048,high,False,0.0
sub_00016,baseline,P1_prefix_sums,python,9.19,0.0,346.17,56.68,346.17,2048.0,10.49,2037.51,99.49,2.0,2048,high,False,0.0
sub_00017,baseline,P1_prefix_sums,java,9.36,0.0,958.79,147.2,958.79,2048.0,21.16,2026.84,98.97,2.0,2048,high,False,0.0
sub_00018,baseline,P5_top_k_streaming,cpp,10.76,0.0,734.69,42.92,734.69,2048.0,6.75,2041.25,99.67,2.0,2048,high,False,0.0
sub_00019,baseline,P4_game_tree_search,cpp,11.55,0.0,577.47,56.11,577.47,2048.0,6.46,2041.54,99.68,2.0,2048,high,False,0.0
sub_00020,baseline,P5_top_k_streaming,cpp,12.3,0.0,733.57,42.85,733.57,2048.0,6.74,2041.26,99.67,2.0,2048,high,False,0.0
sub_00021,baseline,P1_prefix_sums,cpp,12.73,0.0,565.9,33.89,565.9,2048.0,6.62,2041.38,99.68,2.0,2048,high,False,0.0
sub_00022,baseline,P5_top_k_streaming,python,12.95,0.0,367.31,89.11,367.31,2048.0,13.51,2034.49,99.34,2.0,2048,high,False,0.0
sub_00023,baseline,P1_prefix_sums,java,13.22,0.0,970.96,149.06,970.96,2048.0,21.43,2026.57,98.95,2.0,2048,high,False,0.0
sub_00024,baseline,P1_prefix_sums,cpp,14.44,0.0,564.14,33.79,564.14,2048.0,6.6,2041.4,99.68,2.0,2048,high,False,0.0
sub_00025,baseline,P1_prefix_sums,cpp,16.32,0.0,541.73,32.45,541.73,2048.0,6.34,2041.66,99.69,2.0,2048,high,False,0.0
sub_00026,baseline,P2_knapsack_2d_dp,python,16.77,0.0,582.49,272.37,582.49,2048.0,220.49,1827.51,89.23,2.0,2048,high,False,0.0
sub_00027,baseline,P5_top_k_streaming,cpp,16.85,0.0,697.98,40.77,697.98,2048.0,6.42,2041.58,99.69,2.0,2048,high,False,0.0
sub_00028,baseline,P2_knapsack_2d_dp,cpp,16.87,0.0,660.06,159.12,660.06,2048.0,208.76,1839.24,89.81,2.0,2048,high,False,0.0
sub_00029,baseline,P3_floyd_warshall,cpp,17.46,0.0,645.2,50.1,645.2,2048.0,7.01,2040.99,99.66,2.0,2048,high,False,0.0
sub_00030,baseline,P4_game_tree_search,cpp,17.59,0.0,559.08,54.33,559.08,2048.0,6.25,2041.75,99.69,2.0,2048,high,False,0.0
sub_00031,baseline,P5_top_k_streaming,java,17.96,0.0,797.06,255.66,797.06,2048.0,27.57,2020.43,98.65,2.0,2048,high,False,0.0
sub_00032,baseline,P5_top_k_streaming,java,18.77,0.0,771.15,247.35,771.15,2048.0,26.68,2021.32,98.7,2.0,2048,high,False,0.0
sub_00033,baseline,P4_game_tree_search,java,19.32,0.0,948.47,168.91,948.47,2048.0,19.86,2028.14,99.03,2.0,2048,high,False,0.0
sub_00034,baseline,P4_game_tree_search,cpp,19.34,0.0,566.96,55.09,566.96,2048.0,6.34,2041.66,99.69,2.0,2048,high,False,0.0
sub_00035,baseline,P2_knapsack_2d_dp,cpp,19.57,0.0,677.44,163.31,677.44,2048.0,214.26,1833.74,89.54,2.0,2048,high,False,0.0
sub_00036,baseline,P4_game_tree_search,java,20.79,0.0,967.91,172.37,967.91,2048.0,20.27,2027.73,99.01,2.0,2048,high,False,0.0
sub_00037,baseline,P3_floyd_warshall,java,21.33,0.0,972.08,152.71,972.08,2048.0,20.36,2027.64,99.01,2.0,2048,high,False,0.0
sub_00038,baseline,P1_prefix_sums,cpp,21.41,0.0,541.16,32.41,541.16,2048.0,6.33,2041.67,99.69,2.0,2048,high,False,0.0
sub_00039,baseline,P1_prefix_sums,java,21.98,0.0,975.8,149.81,975.8,2048.0,21.54,2026.46,98.95,2.0,2048,high,False,0.0
sub_00040,baseline,P1_prefix_sums,java,22.76,0.0,968.29,148.66,968.29,2048.0,21.37,2026.63,98.96,2.0,2048,high,False,0.0
sub_00041,baseline,P5_top_k_streaming,cpp,23.11,0.0,713.73,41.69,713.73,2048.0,6.56,2041.44,99.68,2.0,2048,high,False,0.0
sub_00042,baseline,P1_prefix_sums,java,23.16,0.0,942.53,144.7,942.53,2048.0,20.8,2027.2,98.98,2.0,2048,high,False,0.0
sub_00043,baseline,P1_prefix_sums,cpp,23.6,0.0,536.33,32.12,536.33,2048.0,6.28,2041.72,99.69,2.0,2048,high,False,0.0
sub_00044,baseline,P5_top_k_streaming,c,24.59,0.0,377.98,36.14,377.98,2048.0,6.3,2041.7,99.69,2.0,2048,high,False,0.0
sub_00045,baseline,P2_knapsack_2d_dp,cpp,24.74,0.0,685.8,165.33,685.8,2048.0,216.9,1831.1,89.41,2.0,2048,high,False,0.0
sub_00046,baseline,P1_prefix_sums,python,25.73,0.0,340.6,55.77,340.6,2048.0,10.32,2037.68,99.5,2.0,2048,high,False,0.0
sub_00047,baseline,P3_floyd_warshall,python,26.14,0.0,611.79,336.19,611.79,2048.0,10.12,2037.88,99.51,2.0,2048,high,False,0.0
sub_00048,baseline,P1_prefix_sums,cpp,26.6,0.0,554.43,33.21,554.43,2048.0,6.49,2041.51,99.68,2.0,2048,high,False,0.0
sub_00049,baseline,P2_knapsack_2d_dp,python,26.72,0.0,561.42,262.52,561.42,2048.0,212.51,1835.49,89.62,2.0,2048,high,False,0.0
sub_00050,baseline,P3_floyd_warshall,c,27.51,0.0,396.09,41.85,396.09,2048.0,6.69,2041.31,99.67,2.0,2048,high,False,0.0
sub_00051,baseline,P1_prefix_sums,python,27.57,0.0,341.17,55.86,341.17,2048.0,10.33,2037.67,99.5,2.0,2048,high,False,0.0
sub_00052,baseline,P1_prefix_sums,python,27.77,0.0,338.55,55.43,338.55,2048.0,10.26,2037.74,99.5,2.0,2048,high,False,0.0
sub_00053,baseline,P1_prefix_sums,python,27.85,0.0,332.94,54.52,332.94,2048.0,10.09,2037.91,99.51,2.0,2048,high,False,0.0
sub_00054,baseline,P2_knapsack_2d_dp,cpp,28.54,0.0,656.61,158.29,656.61,2048.0,207.67,1840.33,89.86,2.0,2048,high,False,0.0
sub_00055,baseline,P5_top_k_streaming,cpp,29.09,0.0,717.28,41.9,717.28,2048.0,6.59,2041.41,99.68,2.0,2048,high,False,0.0
sub_00056,baseline,P2_knapsack_2d_dp,cpp,30.22,0.0,685.7,165.3,685.7,2048.0,216.87,1831.13,89.41,2.0,2048,high,False,0.0
sub_00057,baseline,P5_top_k_streaming,cpp,30.44,0.0,725.03,42.35,725.03,2048.0,6.67,2041.33,99.67,2.0,2048,high,False,0.0
sub_00058,baseline,P1_prefix_sums,c,30.67,0.0,366.94,35.38,366.94,2048.0,6.02,2041.98,99.71,2.0,2048,high,False,0.0
sub_00059,baseline,P5_top_k_streaming,cpp,30.7,0.0,716.54,41.86,716.54,2048.0,6.59,2041.41,99.68,2.0,2048,high,False,0.0
sub_00060,baseline,P1_prefix_sums,cpp,31.62,0.0,548.71,32.86,548.71,2048.0,6.42,2041.58,99.69,2.0,2048,high,False,0.0
sub_00061,baseline,P5_top_k_streaming,cpp,31.63,0.0,706.18,41.25,706.18,2048.0,6.49,2041.51,99.68,2.0,2048,high,False,0.0
sub_00062,baseline,P1_prefix_sums,cpp,32.46,0.0,554.12,33.19,554.12,2048.0,6.49,2041.51,99.68,2.0,2048,high,False,0.0
sub_00063,baseline,P2_knapsack_2d_dp,python,32.5,0.0,587.4,274.67,587.4,2048.0,222.35,1825.65,89.14,2.0,2048,high,False,0.0
sub_00064,baseline,P1_prefix_sums,c,33.35,0.0,361.09,34.82,361.09,2048.0,5.93,2042.07,99.71,2.0,2048,high,False,0.0
sub_00065,baseline,P5_top_k_streaming,cpp,33.96,0.0,698.82,40.82,698.82,2048.0,6.42,2041.58,99.69,2.0,2048,high,False,0.0
sub_00066,baseline,P3_floyd_warshall,python,33.98,0.0,642.15,352.88,642.15,2048.0,10.62,2037.38,99.48,2.0,2048,high,False,0.0
sub_00067,baseline,P1_prefix_sums,python,34.45,0.0,339.69,55.62,339.69,2048.0,10.29,2037.71,99.5,2.0,2048,high,False,0.0
sub_00068,baseline,P5_top_k_streaming,python,34.53,0.0,360.95,87.56,360.95,2048.0,13.28,2034.72,99.35,2.0,2048,high,False,0.0
sub_00069,baseline,P1_prefix_sums,cpp,35.4,0.0,549.72,32.92,549.72,2048.0,6.43,2041.57,99.69,2.0,2048,high,False,0.0
sub_00070,baseline,P3_floyd_warshall,c,35.5,0.0,390.7,41.29,390.7,2048.0,6.6,2041.4,99.68,2.0,2048,high,False,0.0
sub_00071,baseline,P4_game_tree_search,java,36.19,0.0,967.64,172.32,967.64,2048.0,20.26,2027.74,99.01,2.0,2048,high,False,0.0
sub_00072,baseline,P1_prefix_sums,cpp,36.8,0.0,563.0,33.72,563.0,2048.0,6.59,2041.41,99.68,2.0,2048,high,False,0.0
sub_00073,baseline,P1_prefix_sums,python,37.49,0.0,334.81,54.82,334.81,2048.0,10.14,2037.86,99.5,2.0,2048,high,False,0.0
sub_00074,baseline,P1_prefix_sums,c,38.82,0.0,370.9,35.76,370.9,2048.0,6.09,2041.91,99.7,2.0,2048,high,False,0.0
sub_00075,baseline,P4_game_tree_search,python,39.35,0.0,602.41,310.21,602.41,2048.0,9.84,2038.16,99.52,2.0,2048,high,False,0.0
sub_00076,baseline,P1_prefix_sums,python,40.59,0.0,332.12,54.38,332.12,2048.0,10.06,2037.94,99.51,2.0,2048,high,False,0.0
sub_00077,baseline,P2_knapsack_2d_dp,python,40.61,0.0,576.81,269.72,576.81,2048.0,218.34,1829.66,89.34,2.0,2048,high,False,0.0
sub_00078,baseline,P2_knapsack_2d_dp,java,40.92,0.0,1099.35,311.81,1099.35,2048.0,232.2,1815.8,88.66,2.0,2048,high,False,0.0
sub_00079,baseline,P1_prefix_sums,cpp,41.05,0.0,551.56,33.03,551.56,2048.0,6.46,2041.54,99.68,2.0,2048,high,False,0.0
sub_00080,baseline,P1_prefix_sums,python,41.78,0.0,346.35,56.71,346.35,2048.0,10.49,2037.51,99.49,2.0,2048,high,False,0.0
sub_00081,baseline,P1_prefix_sums,cpp,42.4,0.0,549.42,32.91,549.42,2048.0,6.43,2041.57,99.69,2.0,2048,high,False,0.0
sub_00082,baseline,P2_knapsack_2d_dp,cpp,42.69,0.0,674.55,162.61,674.55,2048.0,213.35,1834.65,89.58,2.0,2048,high,False,0.0
sub_00083,baseline,P1_prefix_sums,cpp,44.06,0.0,551.28,33.02,551.28,2048.0,6.45,2041.55,99.68,2.0,2048,high,False,0.0
sub_00084,baseline,P1_prefix_sums,cpp,44.83,0.0,551.16,33.01,551.16,2048.0,6.45,2041.55,99.68,2.0,2048,high,False,0.0
sub_00085,baseline,P5_top_k_streaming,cpp,44.96,0.0,708.47,41.39,708.47,2048.0,6.51,2041.49,99.68,2.0,2048,high,False,0.0
sub_00086,baseline,P4_game_tree_search,java,45.03,0.0,932.87,166.13,932.87,2048.0,19.53,2028.47,99.05,2.0,2048,high,False,0.0
sub_00087,baseline,P4_game_tree_search,cpp,45.86,0.0,560.85,54.5,560.85,2048.0,6.27,2041.73,99.69,2.0,2048,high,False,0.0
sub_00088,baseline,P2_knapsack_2d_dp,cpp,45.89,0.0,668.1,161.06,668.1,2048.0,211.31,1836.69,89.68,2.0,2048,high,False,0.0
sub_00089,baseline,P2_knapsack_2d_dp,cpp,46.24,0.0,673.25,162.3,673.25,2048.0,212.94,1835.06,89.6,2.0,2048,high,False,0.0
sub_00090,baseline,P1_prefix_sums,cpp,46.46,0.0,547.42,32.79,547.42,2048.0,6.41,2041.59,99.69,2.0,2048,high,False,0.0
sub_00091,baseline,P3_floyd_warshall,java,47.16,0.0,1004.12,157.75,1004.12,2048.0,21.03,2026.97,98.97,2.0,2048,high,False,0.0
sub_00092,baseline,P1_prefix_sums,cpp,47.35,0.0,567.41,33.98,567.41,2048.0,6.64,2041.36,99.68,2.0,2048,high,False,0.0
sub_00093,baseline,P5_top_k_streaming,python,48.3,0.0,369.82,89.71,369.82,2048.0,13.61,2034.39,99.34,2.0,2048,high,False,0.0
sub_00094,baseline,P5_top_k_streaming,python,48.41,0.0,365.52,88.67,365.52,2048.0,13.45,2034.55,99.34,2.0,2048,high,False,0.0
sub_00095,baseline,P1_prefix_sums,cpp,48.42,0.0,551.07,33.0,551.07,2048.0,6.45,2041.55,99.69,2.0,2048,high,False,0.0
sub_00096,baseline,P4_game_tree_search,cpp,48.84,0.0,580.9,56.45,580.9,2048.0,6.5,2041.5,99.68,2.0,2048,high,False,0.0
sub_00097,baseline,P1_prefix_sums,java,49.08,0.0,935.84,143.67,935.84,2048.0,20.66,2027.34,98.99,2.0,2048,high,False,0.0
sub_00098,baseline,P5_top_k_streaming,cpp,49.43,0.0,735.08,42.94,735.08,2048.0,6.76,2041.24,99.67,2.0,2048,high,False,0.0
sub_00099,baseline,P5_top_k_streaming,cpp,49.53,0.0,738.2,43.12,738.2,2048.0,6.79,2041.21,99.67,2.0,2048,high,False,0.0
sub_00100,baseline,P5_top_k_streaming,cpp,50.94,0.0,722.01,42.18,722.01,2048.0,6.64,2041.36,99.68,2.0,2048,high,False,0.0
sub_00101,baseline,P3_floyd_warshall,python,52.65,0.0,623.76,342.77,623.76,2048.0,10.31,2037.69,99.5,2.0,2048,high,False,0.0
sub_00102,baseline,P3_floyd_warshall,cpp,52.88,0.0,646.12,50.17,646.12,2048.0,7.02,2040.98,99.66,2.0,2048,high,False,0.0
sub_00103,baseline,P4_game_tree_search,python,53.08,0.0,593.24,305.49,593.24,2048.0,9.69,2038.31,99.53,2.0,2048,high,False,0.0
sub_00104,baseline,P4_game_tree_search,cpp,53.39,0.0,576.68,56.04,576.68,2048.0,6.45,2041.55,99.69,2.0,2048,high,False,0.0
sub_00105,baseline,P2_knapsack_2d_dp,cpp,53.92,0.0,675.65,162.88,675.65,2048.0,213.69,1834.31,89.57,2.0,2048,high,False,0.0
sub_00106,baseline,P4_game_tree_search,python,54.42,0.0,596.76,307.3,596.76,2048.0,9.74,2038.26,99.52,2.0,2048,high,False,0.0
sub_00107,baseline,P5_top_k_streaming,java,54.62,0.0,776.67,249.12,776.67,2048.0,26.87,2021.13,98.69,2.0,2048,high,False,0.0
sub_00108,baseline,P3_floyd_warshall,python,54.95,0.0,644.56,354.2,644.56,2048.0,10.66,2037.34,99.48,2.0,2048,high,False,0.0
sub_00109,baseline,P2_knapsack_2d_dp,cpp,55.03,0.0,686.19,165.42,686.19,2048.0,217.03,1830.97,89.4,2.0,2048,high,False,0.0
sub_00110,baseline,P1_prefix_sums,cpp,55.32,0.0,560.98,33.6,560.98,2048.0,6.57,2041.43,99.68,2.0,2048,high,False,0.0
sub_00111,baseline,P1_prefix_sums,cpp,55.69,0.0,541.61,32.44,541.61,2048.0,6.34,2041.66,99.69,2.0,2048,high,False,0.0
sub_00112,baseline,P1_prefix_sums,cpp,55.7,0.0,549.42,32.91,549.42,2048.0,6.43,2041.57,99.69,2.0,2048,high,False,0.0
sub_00113,baseline,P1_prefix_sums,java,57.41,0.0,931.11,142.95,931.11,2048.0,20.55,2027.45,99.0,2.0,2048,high,False,0.0
sub_00114,baseline,P5_top_k_streaming,python,57.57,0.0,374.51,90.85,374.51,2048.0,13.78,2034.22,99.33,2.0,2048,high,False,0.0
sub_00115,baseline,P2_knapsack_2d_dp,python,58.02,0.0,556.12,260.04,556.12,2048.0,210.51,1837.49,89.72,2.0,2048,high,False,0.0
sub_00116,baseline,P5_top_k_streaming,java,58.54,0.0,786.77,252.36,786.77,2048.0,27.22,2020.78,98.67,2.0,2048,high,False,0.0
sub_00117,baseline,P1_prefix_sums,c,59.45,0.0,361.83,34.89,361.83,2048.0,5.94,2042.06,99.71,2.0,2048,high,False,0.0
sub_00118,baseline,P1_prefix_sums,cpp,59.61,0.0,558.67,33.46,558.67,2048.0,6.54,2041.46,99.68,2.0,2048,high,False,0.0
sub_00119,baseline,P5_top_k_streaming,cpp,59.9,0.0,739.15,43.18,739.15,2048.0,6.8,2041.2,99.67,2.0,2048,high,False,0.0
sub_00120,baseline,P1_prefix_sums,cpp,60.34,0.0,543.63,32.56,543.63,2048.0,6.36,2041.64,99.69,2.0,2048,high,False,0.0
sub_00121,baseline,P1_prefix_sums,cpp,60.54,0.0,552.18,33.07,552.18,2048.0,6.46,2041.54,99.68,2.0,2048,high,False,0.0
sub_00122,baseline,P2_knapsack_2d_dp,java,61.11,0.0,1126.82,319.61,1126.82,2048.0,238.0,1810.0,88.38,2.0,2048,high,False,0.0
sub_00123,baseline,P1_prefix_sums,cpp,61.36,0.0,540.5,32.37,540.5,2048.0,6.33,2041.67,99.69,2.0,2048,high,False,0.0
sub_00124,baseline,P3_floyd_warshall,python,61.41,0.0,618.25,339.74,618.25,2048.0,10.22,2037.78,99.5,2.0,2048,high,False,0.0
sub_00125,baseline,P2_knapsack_2d_dp,cpp,62.86,0.0,685.4,165.23,685.4,2048.0,216.78,1831.22,89.42,2.0,2048,high,False,0.0
sub_00126,baseline,P1_prefix_sums,java,62.89,0.0,940.08,144.32,940.08,2048.0,20.75,2027.25,98.99,2.0,2048,high,False,0.0
sub_00127,baseline,P3_floyd_warshall,java,63.79,0.0,999.5,157.02,999.5,2048.0,20.94,2027.06,98.98,2.0,2048,high,False,0.0
sub_00128,baseline,P5_top_k_streaming,cpp,63.93,0.0,733.23,42.83,733.23,2048.0,6.74,2041.26,99.67,2.0,2048,high,False,0.0
sub_00129,baseline,P4_game_tree_search,cpp,64.57,0.0,576.05,55.98,576.05,2048.0,6.44,2041.56,99.69,2.0,2048,high,False,0.0
sub_00130,baseline,P5_top_k_streaming,cpp,64.84,0.0,732.51,42.79,732.51,2048.0,6.73,2041.27,99.67,2.0,2048,high,False,0.0
sub_00131,baseline,P3_floyd_warshall,python,64.99,0.0,631.29,346.9,631.29,2048.0,10.44,2037.56,99.49,2.0,2048,high,False,0.0
sub_00132,baseline,P1_prefix_sums,java,65.15,0.0,948.11,145.56,948.11,2048.0,20.93,2027.07,98.98,2.0,2048,high,False,0.0
sub_00133,baseline,P1_prefix_sums,cpp,65.56,0.0,548.36,32.84,548.36,2048.0,6.42,2041.58,99.69,2.0,2048,high,False,0.0
sub_00134,baseline,P3_floyd_warshall,cpp,65.63,0.0,624.41,48.49,624.41,2048.0,6.79,2041.21,99.67,2.0,2048,high,False,0.0
sub_00135,baseline,P3_floyd_warshall,java,65.89,0.0,997.05,156.64,997.05,2048.0,20.88,2027.12,98.98,2.0,2048,high,False,0.0
sub_00136,baseline,P5_top_k_streaming,cpp,66.6,0.0,726.34,42.43,726.34,2048.0,6.68,2041.32,99.67,2.0,2048,high,False,0.0
sub_00137,baseline,P1_prefix_sums,python,66.97,0.0,335.18,54.88,335.18,2048.0,10.15,2037.85,99.5,2.0,2048,high,False,0.0
sub_00138,baseline,P1_prefix_sums,python,67.56,0.0,348.37,57.04,348.37,2048.0,10.55,2037.45,99.48,2.0,2048,high,False,0.0
sub_00139,baseline,P1_prefix_sums,cpp,67.59,0.0,541.63,32.44,541.63,2048.0,6.34,2041.66,99.69,2.0,2048,high,False,0.0
sub_00140,baseline,P4_game_tree_search,python,68.87,0.0,587.76,302.67,587.76,2048.0,9.6,2038.4,99.53,2.0,2048,high,False,0.0
sub_00141,baseline,P5_top_k_streaming,java,69.12,0.0,814.38,261.22,814.38,2048.0,28.17,2019.83,98.62,2.0,2048,high,False,0.0
sub_00142,baseline,P5_top_k_streaming,cpp,69.36,0.0,715.04,41.77,715.04,2048.0,6.57,2041.43,99.68,2.0,2048,high,False,0.0
sub_00143,baseline,P5_top_k_streaming,c,70.75,0.0,380.87,36.41,380.87,2048.0,6.35,2041.65,99.69,2.0,2048,high,False,0.0
sub_00144,baseline,P5_top_k_streaming,python,71.07,0.0,381.76,92.61,381.76,2048.0,14.05,2033.95,99.31,2.0,2048,high,False,0.0
sub_00145,baseline,P2_knapsack_2d_dp,cpp,72.78,0.0,655.3,157.97,655.3,2048.0,207.26,1840.74,89.88,2.0,2048,high,False,0.0
sub_00146,baseline,P1_prefix_sums,python,73.89,0.0,336.31,55.07,336.31,2048.0,10.19,2037.81,99.5,2.0,2048,high,False,0.0
sub_00147,baseline,P3_floyd_warshall,cpp,74.29,0.0,645.46,50.12,645.46,2048.0,7.02,2040.98,99.66,2.0,2048,high,False,0.0
sub_00148,baseline,P4_game_tree_search,cpp,74.42,0.0,577.2,56.09,577.2,2048.0,6.46,2041.54,99.68,2.0,2048,high,False,0.0
sub_00149,baseline,P2_knapsack_2d_dp,python,75.0,0.0,556.02,260.0,556.02,2048.0,210.47,1837.53,89.72,2.0,2048,high,False,0.0
sub_00150,baseline,P5_top_k_streaming,python,75.05,0.0,362.23,87.87,362.23,2048.0,13.33,2034.67,99.35,2.0,2048,high,False,0.0
sub_00151,baseline,P2_knapsack_2d_dp,cpp,75.63,0.0,681.16,164.21,681.16,2048.0,215.44,1832.56,89.48,2.0,2048,high,False,0.0
sub_00152,baseline,P5_top_k_streaming,cpp,76.15,0.0,728.02,42.53,728.02,2048.0,6.69,2041.31,99.67,2.0,2048,high,False,0.0
sub_00153,baseline,P5_top_k_streaming,python,76.36,0.0,368.36,89.36,368.36,2048.0,13.55,2034.45,99.34,2.0,2048,high,False,0.0
sub_00154,baseline,P4_game_tree_search,cpp,76.73,0.0,568.72,55.26,568.72,2048.0,6.36,2041.64,99.69,2.0,2048,high,False,0.0
sub_00155,baseline,P1_prefix_sums,cpp,77.36,0.0,535.24,32.06,535.24,2048.0,6.27,2041.73,99.69,2.0,2048,high,False,0.0
sub_00156,baseline,P1_prefix_sums,python,77.4,0.0,337.4,55.25,337.4,2048.0,10.22,2037.78,99.5,2.0,2048,high,False,0.0
sub_00157,baseline,P5_top_k_streaming,cpp,78.19,0.0,716.42,41.85,716.42,2048.0,6.59,2041.41,99.68,2.0,2048,high,False,0.0
sub_00158,baseline,P5_top_k_streaming,python,80.2,0.0,360.94,87.56,360.94,2048.0,13.28,2034.72,99.35,2.0,2048,high,False,0.0
sub_00159,baseline,P1_prefix_sums,cpp,80.23,0.0,548.76,32.87,548.76,2048.0,6.42,2041.58,99.69,2.0,2048,high,False,0.0
sub_00160,baseline,P3_floyd_warshall,python,80.52,0.0,618.69,339.98,618.69,2048.0,10.23,2037.77,99.5,2.0,2048,high,False,0.0
sub_00161,baseline,P2_knapsack_2d_dp,cpp,80.59,0.0,675.97,162.96,675.97,2048.0,213.8,1834.2,89.56,2.0,2048,high,False,0.0
sub_00162,baseline,P2_knapsack_2d_dp,cpp,80.87,0.0,654.26,157.72,654.26,2048.0,206.93,1841.07,89.9,2.0,2048,high,False,0.0
sub_00163,baseline,P5_top_k_streaming,python,81.15,0.0,367.6,89.17,367.6,2048.0,13.52,2034.48,99.34,2.0,2048,high,False,0.0
sub_00164,baseline,P3_floyd_warshall,python,81.27,0.0,637.47,350.3,637.47,2048.0,10.54,2037.46,99.49,2.0,2048,high,False,0.0
sub_00165,baseline,P4_game_tree_search,python,82.26,0.0,586.28,301.91,586.28,2048.0,9.57,2038.43,99.53,2.0,2048,high,False,0.0
sub_00166,baseline,P2_knapsack_2d_dp,cpp,84.22,0.0,655.8,158.09,655.8,2048.0,207.42,1840.58,89.87,2.0,2048,high,False,0.0
sub_00167,baseline,P5_top_k_streaming,python,84.52,0.0,376.8,91.41,376.8,2048.0,13.86,2034.14,99.32,2.0,2048,high,False,0.0
sub_00168,baseline,P1_prefix_sums,python,85.06,0.0,344.38,56.39,344.38,2048.0,10.43,2037.57,99.49,2.0,2048,high,False,0.0
sub_00169,baseline,P1_prefix_sums,python,85.06,0.0,350.37,57.37,350.37,2048.0,10.61,2037.39,99.48,2.0,2048,high,False,0.0
sub_00170,baseline,P5_top_k_streaming,cpp,85.23,0.0,718.76,41.99,718.76,2048.0,6.61,2041.39,99.68,2.0,2048,high,False,0.0
sub_00171,baseline,P5_top_k_streaming,cpp,85.31,0.0,721.79,42.16,721.79,2048.0,6.64,2041.36,99.68,2.0,2048,high,False,0.0
sub_00172,baseline,P1_prefix_sums,cpp,85.36,0.0,537.55,32.19,537.55,2048.0,6.29,2041.71,99.69,2.0,2048,high,False,0.0
sub_00173,baseline,P4_game_tree_search,java,86.38,0.0,969.8,172.7,969.8,2048.0,20.31,2027.69,99.01,2.0,2048,high,False,0.0
sub_00174,baseline,P3_floyd_warshall,cpp,86.51,0.0,635.77,49.37,635.77,2048.0,6.91,2041.09,99.66,2.0,2048,high,False,0.0
sub_00175,baseline,P5_top_k_streaming,cpp,86.89,0.0,700.56,40.92,700.56,2048.0,6.44,2041.56,99.69,2.0,2048,high,False,0.0
sub_00176,baseline,P1_prefix_sums,cpp,87.04,0.0,566.78,33.95,566.78,2048.0,6.63,2041.37,99.68,2.0,2048,high,False,0.0
sub_00177,baseline,P5_top_k_streaming,python,87.1,0.0,363.44,88.17,363.44,2048.0,13.37,2034.63,99.35,2.0,2048,high,False,0.0
sub_00178,baseline,P5_top_k_streaming,cpp,87.45,0.0,731.49,42.73,731.49,2048.0,6.72,2041.28,99.67,2.0,2048,high,False,0.0
sub_00179,baseline,P4_game_tree_search,java,87.73,0.0,950.99,169.35,950.99,2048.0,19.91,2028.09,99.03,2.0,2048,high,False,0.0
sub_00180,baseline,P5_top_k_streaming,python,87.84,0.0,361.08,87.59,361.08,2048.0,13.29,2034.71,99.35,2.0,2048,high,False,0.0
sub_00181,baseline,P2_knapsack_2d_dp,cpp,87.84,0.0,676.98,163.2,676.98,2048.0,214.12,1833.88,89.55,2.0,2048,high,False,0.0
sub_00182,baseline,P5_top_k_streaming,cpp,87.93,0.0,733.84,42.87,733.84,2048.0,6.75,2041.25,99.67,2.0,2048,high,False,0.0
sub_00183,baseline,P4_game_tree_search,java,88.74,0.0,944.78,168.25,944.78,2048.0,19.78,2028.22,99.03,2.0,2048,high,False,0.0
sub_00184,baseline,P3_floyd_warshall,cpp,89.62,0.0,637.75,49.52,637.75,2048.0,6.93,2041.07,99.66,2.0,2048,high,False,0.0
sub_00185,baseline,P2_knapsack_2d_dp,python,89.64,0.0,575.81,269.25,575.81,2048.0,217.96,1830.04,89.36,2.0,2048,high,False,0.0
sub_00186,baseline,P1_prefix_sums,cpp,89.8,0.0,561.81,33.65,561.81,2048.0,6.58,2041.42,99.68,2.0,2048,high,False,0.0
sub_00187,baseline,P1_prefix_sums,python,90.33,0.0,342.46,56.08,342.46,2048.0,10.37,2037.63,99.49,2.0,2048,high,False,0.0
sub_00188,baseline,P5_top_k_streaming,python,90.42,0.0,379.74,92.12,379.74,2048.0,13.97,2034.03,99.32,2.0,2048,high,False,0.0
sub_00189,baseline,P3_floyd_warshall,python,90.46,0.0,638.49,350.86,638.49,2048.0,10.56,2037.44,99.48,2.0,2048,high,False,0.0
sub_00190,baseline,P5_top_k_streaming,java,90.93,0.0,785.86,252.07,785.86,2048.0,27.18,2020.82,98.67,2.0,2048,high,False,0.0
sub_00191,baseline,P5_top_k_streaming,cpp,91.56,0.0,700.91,40.94,700.91,2048.0,6.44,2041.56,99.69,2.0,2048,high,False,0.0
sub_00192,baseline,P5_top_k_streaming,cpp,91.58,0.0,736.1,43.0,736.1,2048.0,6.77,2041.23,99.67,2.0,2048,high,False,0.0
sub_00193,baseline,P4_game_tree_search,cpp,91.82,0.0,563.51,54.76,563.51,2048.0,6.3,2041.7,99.69,2.0,2048,high,False,0.0
sub_00194,baseline,P4_game_tree_search,c,91.96,0.0,394.19,51.68,394.19,2048.0,6.15,2041.85,99.7,2.0,2048,high,False,0.0
sub_00195,baseline,P5_top_k_streaming,cpp,92.05,0.0,701.57,40.98,701.57,2048.0,6.45,2041.55,99.69,2.0,2048,high,False,0.0
sub_00196,baseline,P1_prefix_sums,java,93.89,0.0,949.68,145.8,949.68,2048.0,20.96,2027.04,98.98,2.0,2048,high,False,0.0
sub_00197,baseline,P3_floyd_warshall,cpp,94.09,0.0,629.74,48.9,629.74,2048.0,6.85,2041.15,99.67,2.0,2048,high,False,0.0
sub_00198,baseline,P1_prefix_sums,cpp,94.54,0.0,539.5,32.31,539.5,2048.0,6.32,2041.68,99.69,2.0,2048,high,False,0.0
sub_00199,baseline,P3_floyd_warshall,cpp,94.87,0.0,635.14,49.32,635.14,2048.0,6.9,2041.1,99.66,2.0,2048,high,False,0.0
sub_00200,baseline,P1_prefix_sums,cpp,95.3,0.0,539.87,32.33,539.87,2048.0,6.32,2041.68,99.69,2.0,2048,high,False,0.0
sub_00201,baseline,P1_prefix_sums,python,95.64,0.0,331.78,54.33,331.78,2048.0,10.05,2037.95,99.51,2.0,2048,high,False,0.0
sub_00202,baseline,P1_prefix_sums,cpp,96.91,0.0,563.85,33.77,563.85,2048.0,6.6,2041.4,99.68,2.0,2048,high,False,0.0
sub_00203,baseline,P5_top_k_streaming,cpp,97.04,0.0,717.65,41.92,717.65,2048.0,6.6,2041.4,99.68,2.0,2048,high,False,0.0
sub_00204,baseline,P5_top_k_streaming,cpp,97.09,0.0,721.46,42.14,721.46,2048.0,6.63,2041.37,99.68,2.0,2048,high,False,0.0
sub_00205,baseline,P1_prefix_sums,cpp,97.56,0.0,535.46,32.07,535.46,2048.0,6.27,2041.73,99.69,2.0,2048,high,False,0.0
sub_00206,baseline,P2_knapsack_2d_dp,java,97.62,0.0,1115.87,316.5,1115.87,2048.0,235.69,1812.31,88.49,2.0,2048,high,False,0.0
sub_00207,baseline,P1_prefix_sums,cpp,97.77,0.0,559.07,33.48,559.07,2048.0,6.54,2041.46,99.68,2.0,2048,high,False,0.0
sub_00208,baseline,P1_prefix_sums,cpp,97.79,0.0,545.86,32.69,545.86,2048.0,6.39,2041.61,99.69,2.0,2048,high,False,0.0
sub_00209,baseline,P5_top_k_streaming,java,97.87,0.0,778.48,249.7,778.48,2048.0,26.93,2021.07,98.69,2.0,2048,high,False,0.0
sub_00210,baseline,P3_floyd_warshall,java,98.24,0.0,1022.73,160.67,1022.73,2048.0,21.42,2026.58,98.95,2.0,2048,high,False,0.0
sub_00211,baseline,P1_prefix_sums,c,98.29,0.0,352.36,33.97,352.36,2048.0,5.79,2042.21,99.72,2.0,2048,high,False,0.0
sub_00212,baseline,P2_knapsack_2d_dp,cpp,98.89,0.0,676.96,163.2,676.96,2048.0,214.11,1833.89,89.55,2.0,2048,high,False,0.0
sub_00213,baseline,P1_prefix_sums,python,98.99,0.0,341.58,55.93,341.58,2048.0,10.35,2037.65,99.49,2.0,2048,high,False,0.0
sub_00214,baseline,P2_knapsack_2d_dp,cpp,99.28,0.0,680.54,164.06,680.54,2048.0,215.24,1832.76,89.49,2.0,2048,high,False,0.0
sub_00215,baseline,P5_top_k_streaming,cpp,100.72,0.0,722.86,42.23,722.86,2048.0,6.65,2041.35,99.68,2.0,2048,high,False,0.0
sub_00216,baseline,P1_prefix_sums,cpp,100.74,0.0,557.69,33.4,557.69,2048.0,6.53,2041.47,99.68,2.0,2048,high,False,0.0
sub_00217,baseline,P1_prefix_sums,java,100.76,0.0,962.51,147.77,962.51,2048.0,21.24,2026.76,98.96,2.0,2048,high,False,0.0
sub_00218,baseline,P3_floyd_warshall,java,101.33,0.0,973.73,152.97,973.73,2048.0,20.4,2027.6,99.0,2.0,2048,high,False,0.0
sub_00219,baseline,P3_floyd_warshall,cpp,101.7,0.0,649.87,50.47,649.87,2048.0,7.07,2040.93,99.66,2.0,2048,high,False,0.0
sub_00220,baseline,P2_knapsack_2d_dp,cpp,103.0,0.0,653.19,157.47,653.19,2048.0,206.59,1841.41,89.91,2.0,2048,high,False,0.0
sub_00221,baseline,P5_top_k_streaming,cpp,103.21,0.0,699.96,40.89,699.96,2048.0,6.43,2041.57,99.69,2.0,2048,high,False,0.0
sub_00222,baseline,P2_knapsack_2d_dp,python,103.67,0.0,556.73,260.33,556.73,2048.0,210.74,1837.26,89.71,2.0,2048,high,False,0.0
sub_00223,baseline,P1_prefix_sums,cpp,103.89,0.0,536.6,32.14,536.6,2048.0,6.28,2041.72,99.69,2.0,2048,high,False,0.0
sub_00224,baseline,P5_top_k_streaming,cpp,104.64,0.0,731.35,42.72,731.35,2048.0,6.72,2041.28,99.67,2.0,2048,high,False,0.0
sub_00225,baseline,P1_prefix_sums,cpp,105.16,0.0,563.06,33.72,563.06,2048.0,6.59,2041.41,99.68,2.0,2048,high,False,0.0
sub_00226,baseline,P1_prefix_sums,java,105.56,0.0,927.74,142.43,927.74,2048.0,20.48,2027.52,99.0,2.0,2048,high,False,0.0
sub_00227,baseline,P1_prefix_sums,java,106.37,0.0,942.3,144.66,942.3,2048.0,20.8,2027.2,98.98,2.0,2048,high,False,0.0
sub_00228,baseline,P1_prefix_sums,cpp,107.03,0.0,552.93,33.12,552.93,2048.0,6.47,2041.53,99.68,2.0,2048,high,False,0.0
sub_00229,baseline,P5_top_k_streaming,java,107.6,0.0,791.91,254.01,791.91,2048.0,27.39,2020.61,98.66,2.0,2048,high,False,0.0
sub_00230,baseline,P5_top_k_streaming,cpp,108.43,0.0,730.78,42.69,730.78,2048.0,6.72,2041.28,99.67,2.0,2048,high,False,0.0
sub_00231,baseline,P5_top_k_streaming,java,108.45,0.0,803.88,257.85,803.88,2048.0,27.81,2020.19,98.64,2.0,2048,high,False,0.0
sub_00232,baseline,P1_prefix_sums,java,108.71,0.0,957.32,146.97,957.32,2048.0,21.13,2026.87,98.97,2.0,2048,high,False,0.0
sub_00233,baseline,P1_prefix_sums,cpp,108.95,0.0,555.42,33.26,555.42,2048.0,6.5,2041.5,99.68,2.0,2048,high,False,0.0
sub_00234,baseline,P1_prefix_sums,python,108.97,0.0,341.35,55.89,341.35,2048.0,10.34,2037.66,99.5,2.0,2048,high,False,0.0
sub_00235,baseline,P1_prefix_sums,cpp,109.01,0.0,543.2,32.53,543.2,2048.0,6.36,2041.64,99.69,2.0,2048,high,False,0.0
sub_00236,baseline,P5_top_k_streaming,cpp,109.11,0.0,738.83,43.16,738.83,2048.0,6.79,2041.21,99.67,2.0,2048,high,False,0.0
sub_00237,baseline,P1_prefix_sums,cpp,109.78,0.0,554.64,33.22,554.64,2048.0,6.49,2041.51,99.68,2.0,2048,high,False,0.0
sub_00238,baseline,P5_top_k_streaming,cpp,109.94,0.0,722.87,42.23,722.87,2048.0,6.65,2041.35,99.68,2.0,2048,high,False,0.0
sub_00239,baseline,P2_knapsack_2d_dp,java,110.17,0.0,1122.63,318.42,1122.63,2048.0,237.12,1810.88,88.42,2.0,2048,high,False,0.0
sub_00240,baseline,P5_top_k_streaming,python,110.86,0.0,379.1,91.96,379.1,2048.0,13.95,2034.05,99.32,2.0,2048,high,False,0.0
sub_00241,baseline,P1_prefix_sums,cpp,111.57,0.0,565.29,33.86,565.29,2048.0,6.62,2041.38,99.68,2.0,2048,high,False,0.0
sub_00242,baseline,P1_prefix_sums,java,111.72,0.0,932.81,143.21,932.81,2048.0,20.59,2027.41,98.99,2.0,2048,high,False,0.0
sub_00243,baseline,P1_prefix_sums,cpp,111.75,0.0,546.47,32.73,546.47,2048.0,6.4,2041.6,99.69,2.0,2048,high,False,0.0
sub_00244,baseline,P1_prefix_sums,python,112.11,0.0,344.03,56.33,344.03,2048.0,10.42,2037.58,99.49,2.0,2048,high,False,0.0
sub_00245,baseline,P1_prefix_sums,cpp,112.22,0.0,535.72,32.09,535.72,2048.0,6.27,2041.73,99.69,2.0,2048,high,False,0.0
sub_00246,baseline,P1_prefix_sums,cpp,113.73,0.0,534.8,32.03,534.8,2048.0,6.26,2041.74,99.69,2.0,2048,high,False,0.0
sub_00247,baseline,P4_game_tree_search,python,114.04,0.0,615.03,316.71,615.03,2048.0,10.04,2037.96,99.51,2.0,2048,high,False,0.0
sub_00248,baseline,P5_top_k_streaming,cpp,114.7,0.0,732.37,42.78,732.37,2048.0,6.73,2041.27,99.67,2.0,2048,high,False,0.0
sub_00249,baseline,P1_prefix_sums,python,115.08,0.0,336.51,55.1,336.51,2048.0,10.19,2037.81,99.5,2.0,2048,high,False,0.0
sub_00250,baseline,P2_knapsack_2d_dp,cpp,115.12,0.0,662.42,159.69,662.42,2048.0,209.51,1838.49,89.77,2.0,2048,high,False,0.0
sub_00001,predictive,P2_knapsack_2d_dp,cpp,0.03,0.0,690.81,166.54,690.81,2048.0,218.49,1829.51,89.33,2.0,2048,high,False,0.0
sub_00002,predictive,P1_prefix_sums,cpp,0.24,0.0,540.58,32.38,540.58,256.0,6.33,249.67,97.53,1.0,1024,low,False,0.0
sub_00003,predictive,P5_top_k_streaming,cpp,2.2,0.0,706.77,41.29,706.77,256.0,6.5,249.5,97.46,1.0,1024,low,False,0.0
sub_00004,predictive,P3_floyd_warshall,cpp,4.2,0.0,622.64,48.35,622.64,256.0,6.77,249.23,97.36,1.0,1024,low,False,0.0
sub_00005,predictive,P4_game_tree_search,python,4.53,0.0,590.92,304.3,590.92,256.0,9.65,246.35,96.23,1.0,1024,low,False,0.0
sub_00006,predictive,P1_prefix_sums,cpp,4.68,0.0,541.99,32.46,541.99,256.0,6.34,249.66,97.52,1.0,1024,low,False,0.0
sub_00007,predictive,P1_prefix_sums,cpp,4.84,0.0,565.0,33.84,565.0,256.0,6.61,249.39,97.42,1.0,1024,low,False,0.0
sub_00008,predictive,P4_game_tree_search,cpp,5.68,0.0,563.3,54.74,563.3,256.0,6.3,249.7,97.54,1.0,1024,low,False,0.0
sub_00009,predictive,P1_prefix_sums,cpp,5.73,0.0,565.02,33.84,565.02,256.0,6.61,249.39,97.42,1.0,1024,low,False,0.0
sub_00010,predictive,P1_prefix_sums,java,6.47,0.0,944.61,145.02,944.61,256.0,20.85,235.15,91.86,1.0,1024,low,False,0.0
sub_00011,predictive,P1_prefix_sums,cpp,7.09,0.0,541.23,32.41,541.23,256.0,6.34,249.66,97.53,1.0,1024,low,False,0.0
sub_00012,predictive,P4_game_tree_search,java,7.18,0.0,927.18,165.11,927.18,256.0,19.41,236.59,92.42,1.0,1024,low,False,0.0
sub_00013,predictive,P4_game_tree_search,python,7.31,0.0,602.19,310.1,602.19,256.0,9.83,246.17,96.16,1.0,1024,low,False,0.0
sub_00014,predictive,P5_top_k_streaming,python,8.51,0.0,374.33,90.81,374.33,256.0,13.77,242.23,94.62,1.0,1024,low,False,0.0
sub_00015,predictive,P2_knapsack_2d_dp,cpp,9.13,0.0,672.33,162.08,672.33,2048.0,212.65,1835.35,89.62,2.0,2048,high,False,0.0
sub_00016,predictive,P1_prefix_sums,python,9.19,0.0,332.46,54.44,332.46,256.0,10.07,245.93,96.07,1.0,1024,low,False,0.0
sub_00017,predictive,P1_prefix_sums,java,9.36,0.0,942.95,144.76,942.95,256.0,20.81,235.19,91.87,1.0,1024,low,False,0.0
sub_00018,predictive,P5_top_k_streaming,cpp,10.76,0.0,737.78,43.1,737.78,256.0,6.78,249.22,97.35,1.0,1024,low,False,0.0
sub_00019,predictive,P4_game_tree_search,cpp,11.55,0.0,560.72,54.49,560.72,256.0,6.27,249.73,97.55,1.0,1024,low,False,0.0
sub_00020,predictive,P5_top_k_streaming,cpp,12.3,0.0,729.78,42.63,729.78,256.0,6.71,249.29,97.38,1.0,1024,low,False,0.0
sub_00021,predictive,P1_prefix_sums,cpp,12.73,0.0,547.51,32.79,547.51,256.0,6.41,249.59,97.5,1.0,1024,low,False,0.0
sub_00022,predictive,P5_top_k_streaming,python,12.95,0.0,361.82,87.77,361.82,256.0,13.31,242.69,94.8,1.0,1024,low,False,0.0
sub_00023,predictive,P1_prefix_sums,java,13.22,0.0,932.71,143.19,932.71,256.0,20.59,235.41,91.96,1.0,1024,low,False,0.0
sub_00024,predictive,P1_prefix_sums,cpp,14.44,0.0,553.24,33.13,553.24,256.0,6.48,249.52,97.47,1.0,1024,low,False,0.0
sub_00025,predictive,P1_prefix_sums,cpp,16.32,0.0,552.26,33.08,552.26,256.0,6.46,249.54,97.47,1.0,1024,low,False,0.0
sub_00026,predictive,P2_knapsack_2d_dp,python,16.77,0.0,576.23,269.44,576.23,2048.0,218.12,1829.88,89.35,2.0,2048,high,False,0.0
sub_00027,predictive,P5_top_k_streaming,cpp,16.85,0.0,738.53,43.14,738.53,256.0,6.79,249.21,97.35,1.0,1024,low,False,0.0
sub_00028,predictive,P2_knapsack_2d_dp,cpp,16.87,0.0,665.79,160.5,665.79,2048.0,210.57,1837.43,89.72,2.0,2048,high,False,0.0
sub_00029,predictive,P3_floyd_warshall,cpp,17.46,0.0,631.81,49.06,631.81,256.0,6.87,249.13,97.32,1.0,1024,low,False,0.0
sub_00030,predictive,P4_game_tree_search,cpp,17.59,0.0,556.08,54.04,556.08,256.0,6.22,249.78,97.57,1.0,1024,low,False,0.0
sub_00031,predictive,P5_top_k_streaming,java,17.96,0.0,797.42,255.78,797.42,256.0,27.58,228.42,89.23,1.0,1024,low,False,0.0
sub_00032,predictive,P5_top_k_streaming,java,18.77,0.0,789.91,253.37,789.91,256.0,27.32,228.68,89.33,1.0,1024,low,False,0.0
sub_00033,predictive,P4_game_tree_search,java,19.32,0.0,956.24,170.29,956.24,256.0,20.02,235.98,92.18,1.0,1024,low,False,0.0
sub_00034,predictive,P4_game_tree_search,cpp,19.34,0.0,568.03,55.2,568.03,256.0,6.35,249.65,97.52,1.0,1024,low,False,0.0
sub_00035,predictive,P2_knapsack_2d_dp,cpp,19.57,0.0,671.4,161.86,671.4,2048.0,212.35,1835.65,89.63,2.0,2048,high,False,0.0
sub_00036,predictive,P4_game_tree_search,java,20.79,0.0,974.1,173.47,974.1,256.0,20.4,235.6,92.03,1.0,1024,low,False,0.0
sub_00037,predictive,P3_floyd_warshall,java,21.33,0.0,998.02,156.79,998.02,256.0,20.91,235.09,91.83,1.0,1024,low,False,0.0
sub_00038,predictive,P1_prefix_sums,cpp,21.41,0.0,537.03,32.16,537.03,256.0,6.29,249.71,97.54,1.0,1024,low,False,0.0
sub_00039,predictive,P1_prefix_sums,java,21.98,0.0,923.51,141.78,923.51,256.0,20.38,235.62,92.04,1.0,1024,low,False,0.0
sub_00040,predictive,P1_prefix_sums,java,22.76,0.0,953.1,146.32,953.1,256.0,21.04,234.96,91.78,1.0,1024,low,False,0.0
sub_00041,predictive,P5_top_k_streaming,cpp,23.11,0.0,740.48,43.25,740.48,256.0,6.81,249.19,97.34,1.0,1024,low,False,0.0
sub_00042,predictive,P1_prefix_sums,java,23.16,0.0,932.69,143.19,932.69,256.0,20.59,235.41,91.96,1.0,1024,low,False,0.0
sub_00043,predictive,P1_prefix_sums,cpp,23.6,0.0,553.27,33.14,553.27,256.0,6.48,249.52,97.47,1.0,1024,low,False,0.0
sub_00044,predictive,P5_top_k_streaming,c,24.59,0.0,376.66,36.01,376.66,256.0,6.28,249.72,97.55,1.0,1024,low,False,0.0
sub_00045,predictive,P2_knapsack_2d_dp,cpp,24.74,0.0,673.59,162.38,673.59,2048.0,213.04,1834.96,89.6,2.0,2048,high,False,0.0
sub_00046,predictive,P1_prefix_sums,python,25.73,0.0,345.49,56.57,345.49,256.0,10.47,245.53,95.91,1.0,1024,low,False,0.0
sub_00047,predictive,P3_floyd_warshall,python,26.14,0.0,634.06,348.43,634.06,256.0,10.48,245.52,95.9,1.0,1024,low,False,0.0
sub_00048,predictive,P1_prefix_sums,cpp,26.6,0.0,564.86,33.83,564.86,256.0,6.61,249.39,97.42,1.0,1024,low,False,0.0
sub_00049,predictive,P2_knapsack_2d_dp,python,26.72,0.0,565.19,264.28,565.19,2048.0,213.94,1834.06,89.55,2.0,2048,high,False,0.0
sub_00050,predictive,P3_floyd_warshall,c,27.51,0.0,391.83,41.41,391.83,256.0,6.61,249.39,97.42,1.0,1024,low,False,0.0
sub_00051,predictive,P1_prefix_sums,python,27.57,0.0,341.4,55.9,341.4,256.0,10.34,245.66,95.96,1.0,1024,low,False,0.0
sub_00052,predictive,P1_prefix_sums,python,27.77,0.0,340.02,55.68,340.02,256.0,10.3,245.7,95.98,1.0,1024,low,False,0.0
sub_00053,predictive,P1_prefix_sums,python,27.85,0.0,333.17,54.55,333.17,256.0,10.09,245.91,96.06,1.0,1024,low,False,0.0
sub_00054,predictive,P2_knapsack_2d_dp,cpp,28.54,0.0,682.95,164.64,682.95,2048.0,216.0,1832.0,89.45,2.0,2048,high,False,0.0
sub_00055,predictive,P5_top_k_streaming,cpp,29.09,0.0,720.35,42.08,720.35,256.0,6.62,249.38,97.41,1.0,1024,low,False,0.0
sub_00056,predictive,P2_knapsack_2d_dp,cpp,30.22,0.0,664.66,160.23,664.66,2048.0,210.22,1837.78,89.74,2.0,2048,high,False,0.0
sub_00057,predictive,P5_top_k_streaming,cpp,30.44,0.0,707.47,41.33,707.47,256.0,6.5,249.5,97.46,1.0,1024,low,False,0.0
sub_00058,predictive,P1_prefix_sums,c,30.67,0.0,358.49,34.57,358.49,256.0,5.89,250.11,97.7,1.0,1024,low,False,0.0
sub_00059,predictive,P5_top_k_streaming,cpp,30.7,0.0,734.47,42.9,734.47,256.0,6.75,249.25,97.36,1.0,1024,low,False,0.0
sub_00060,predictive,P1_prefix_sums,cpp,31.62,0.0,538.61,32.26,538.61,256.0,6.31,249.69,97.54,1.0,1024,low,False,0.0
sub_00061,predictive,P5_top_k_streaming,cpp,31.63,0.0,725.11,42.36,725.11,256.0,6.67,249.33,97.4,1.0,1024,low,False,0.0
sub_00062,predictive,P1_prefix_sums,cpp,32.46,0.0,536.02,32.1,536.02,256.0,6.27,249.73,97.55,1.0,1024,low,False,0.0
sub_00063,predictive,P2_knapsack_2d_dp,python,32.5,0.0,578.94,270.71,578.94,2048.0,219.15,1828.85,89.3,2.0,2048,high,False,0.0
sub_00064,predictive,P1_prefix_sums,c,33.35,0.0,361.41,34.85,361.41,256.0,5.93,250.07,97.68,1.0,1024,low,False,0.0
sub_00065,predictive,P5_top_k_streaming,cpp,33.96,0.0,737.15,43.06,737.15,256.0,6.78,249.22,97.35,1.0,1024,low,False,0.0
sub_00066,predictive,P3_floyd_warshall,python,33.98,0.0,638.7,350.98,638.7,256.0,10.56,245.44,95.88,1.0,1024,low,False,0.0
sub_00067,predictive,P1_prefix_sums,python,34.45,0.0,347.81,56.95,347.81,256.0,10.54,245.46,95.88,1.0,1024,low,False,0.0
sub_00068,predictive,P5_top_k_streaming,python,34.53,0.0,360.18,87.38,360.18,256.0,13.25,242.75,94.82,1.0,1024,low,False,0.0
sub_00069,predictive,P1_prefix_sums,cpp,35.4,0.0,546.04,32.7,546.04,256.0,6.39,249.61,97.5,1.0,1024,low,False,0.0
sub_00070,predictive,P3_floyd_warshall,c,35.5,0.0,386.02,40.79,386.02,256.0,6.52,249.48,97.45,1.0,1024,low,False,0.0
sub_00071,predictive,P4_game_tree_search,java,36.19,0.0,977.23,174.03,977.23,256.0,20.46,235.54,92.01,1.0,1024,low,False,0.0
sub_00072,predictive,P1_prefix_sums,cpp,36.8,0.0,545.54,32.67,545.54,256.0,6.39,249.61,97.51,1.0,1024,low,False,0.0
sub_00073,predictive,P1_prefix_sums,python,37.49,0.0,335.12,54.87,335.12,256.0,10.15,245.85,96.03,1.0,1024,low,False,0.0
sub_00074,predictive,P1_prefix_sums,c,38.82,0.0,353.81,34.11,353.81,256.0,5.81,250.19,97.73,1.0,1024,low,False,0.0
sub_00075,predictive,P4_game_tree_search,python,39.35,0.0,619.88,319.2,619.88,256.0,10.12,245.88,96.05,1.0,1024,low,False,0.0
sub_00076,predictive,P1_prefix_sums,python,40.59,0.0,339.42,55.58,339.42,256.0,10.28,245.72,95.98,1.0,1024,low,False,0.0
sub_00077,predictive,P2_knapsack_2d_dp,python,40.61,0.0,576.42,269.53,576.42,2048.0,218.19,1829.81,89.35,2.0,2048,high,False,0.0
sub_00078,predictive,P2_knapsack_2d_dp,java,40.92,0.0,1090.85,309.4,1090.85,2048.0,230.41,1817.59,88.75,2.0,2048,high,False,0.0
sub_00079,predictive,P1_prefix_sums,cpp,41.05,0.0,549.42,32.91,549.42,256.0,6.43,249.57,97.49,1.0,1024,low,False,0.0
sub_00080,predictive,P1_prefix_sums,python,41.78,0.0,350.89,57.46,350.89,256.0,10.63,245.37,95.85,1.0,1024,low,False,0.0
sub_00081,predictive,P1_prefix_sums,cpp,42.4,0.0,538.26,32.24,538.26,256.0,6.3,249.7,97.54,1.0,1024,low,False,0.0
sub_00082,predictive,P2_knapsack_2d_dp,cpp,42.69,0.0,657.47,158.5,657.47,2048.0,207.94,1840.06,89.85,2.0,2048,high,False,0.0
sub_00083,predictive,P1_prefix_sums,cpp,44.06,0.0,540.42,32.37,540.42,256.0,6.33,249.67,97.53,1.0,1024,low,False,0.0
sub_00084,predictive,P1_prefix_sums,cpp,44.83,0.0,549.78,32.93,549.78,256.0,6.44,249.56,97.49,1.0,1024,low,False,0.0
sub_00085,predictive,P5_top_k_streaming,cpp,44.96,0.0,706.68,41.28,706.68,256.0,6.5,249.5,97.46,1.0,1024,low,False,0.0
sub_00086,predictive,P4_game_tree_search,java,45.03,0.0,923.39,164.44,923.39,256.0,19.33,236.67,92.45,1.0,1024,low,False,0.0
sub_00087,predictive,P4_game_tree_search,cpp,45.86,0.0,574.38,55.81,574.38,256.0,6.42,249.58,97.49,1.0,1024,low,False,0.0
sub_00088,predictive,P2_knapsack_2d_dp,cpp,45.89,0.0,653.92,157.64,653.92,2048.0,206.82,1841.18,89.9,2.0,2048,high,False,0.0
sub_00089,predictive,P2_knapsack_2d_dp,cpp,46.24,0.0,691.17,166.62,691.17,2048.0,218.6,1829.4,89.33,2.0,2048,high,False,0.0
sub_00090,predictive,P1_prefix_sums,cpp,46.46,0.0,566.66,33.94,566.66,256.0,6.63,249.37,97.41,1.0,1024,low,False,0.0
sub_00091,predictive,P3_floyd_warshall,java,47.16,0.0,1014.07,159.31,1014.07,256.0,21.24,234.76,91.7,1.0,1024,low,False,0.0
sub_00092,predictive,P1_prefix_sums,cpp,47.35,0.0,557.1,33.37,557.1,256.0,6.52,249.48,97.45,1.0,1024,low,False,0.0
sub_00093,predictive,P5_top_k_streaming,python,48.3,0.0,375.15,91.01,375.15,256.0,13.8,242.2,94.61,1.0,1024,low,False,0.0
sub_00094,predictive,P5_top_k_streaming,python,48.41,0.0,372.34,90.33,372.34,256.0,13.7,242.3,94.65,1.0,1024,low,False,0.0
sub_00095,predictive,P1_prefix_sums,cpp,48.42,0.0,554.52,33.21,554.52,256.0,6.49,249.51,97.46,1.0,1024,low,False,0.0
sub_00096,predictive,P4_game_tree_search,cpp,48.84,0.0,582.78,56.63,582.78,256.0,6.52,249.48,97.45,1.0,1024,low,False,0.0
sub_00097,predictive,P1_prefix_sums,java,49.08,0.0,926.25,142.2,926.25,256.0,20.44,235.56,92.01,1.0,1024,low,False,0.0
sub_00098,predictive,P5_top_k_streaming,cpp,49.43,0.0,724.81,42.34,724.81,256.0,6.66,249.34,97.4,1.0,1024,low,False,0.0
sub_00099,predictive,P5_top_k_streaming,cpp,49.53,0.0,722.46,42.2,722.46,256.0,6.64,249.36,97.41,1.0,1024,low,False,0.0
sub_00100,predictive,P5_top_k_streaming,cpp,50.94,0.0,708.76,41.4,708.76,256.0,6.52,249.48,97.45,1.0,1024,low,False,0.0
sub_00101,predictive,P3_floyd_warshall,python,52.65,0.0,620.68,341.08,620.68,256.0,10.26,245.74,95.99,1.0,1024,low,False,0.0
sub_00102,predictive,P3_floyd_warshall,cpp,52.88,0.0,612.45,47.56,612.45,256.0,6.66,249.34,97.4,1.0,1024,low,False,0.0
sub_00103,predictive,P4_game_tree_search,python,53.08,0.0,605.63,311.87,605.63,256.0,9.89,246.11,96.14,1.0,1024,low,False,0.0
sub_00104,predictive,P4_game_tree_search,cpp,53.39,0.0,565.91,54.99,565.91,256.0,6.33,249.67,97.53,1.0,1024,low,False,0.0
sub_00105,predictive,P2_knapsack_2d_dp,cpp,53.92,0.0,691.37,166.67,691.37,2048.0,218.67,1829.33,89.32,2.0,2048,high,False,0.0
sub_00106,predictive,P4_game_tree_search,python,54.42,0.0,595.34,306.57,595.34,256.0,9.72,246.28,96.2,1.0,1024,low,False,0.0
sub_00107,predictive,P5_top_k_streaming,java,54.62,0.0,787.12,252.47,787.12,256.0,27.23,228.77,89.36,1.0,1024,low,False,0.0
sub_00108,predictive,P3_floyd_warshall,python,54.95,0.0,611.24,335.89,611.24,256.0,10.11,245.89,96.05,1.0,1024,low,False,0.0
sub_00109,predictive,P2_knapsack_2d_dp,cpp,55.03,0.0,670.64,161.67,670.64,2048.0,212.11,1835.89,89.64,2.0,2048,high,False,0.0
sub_00110,predictive,P1_prefix_sums,cpp,55.32,0.0,543.05,32.52,543.05,256.0,6.36,249.64,97.52,1.0,1024,low,False,0.0
sub_00111,predictive,P1_prefix_sums,cpp,55.69,0.0,562.55,33.69,562.55,256.0,6.59,249.41,97.43,1.0,1024,low,False,0.0
sub_00112,predictive,P1_prefix_sums,cpp,55.7,0.0,545.96,32.7,545.96,256.0,6.39,249.61,97.5,1.0,1024,low,False,0.0
sub_00113,predictive,P1_prefix_sums,java,57.41,0.0,957.53,147.0,957.53,256.0,21.13,234.87,91.74,1.0,1024,low,False,0.0
sub_00114,predictive,P5_top_k_streaming,python,57.57,0.0,361.23,87.63,361.23,256.0,13.29,242.71,94.81,1.0,1024,low,False,0.0
sub_00115,predictive,P2_knapsack_2d_dp,python,58.02,0.0,581.73,272.02,581.73,2048.0,220.2,1827.8,89.25,2.0,2048,high,False,0.0
sub_00116,predictive,P5_top_k_streaming,java,58.54,0.0,793.44,254.5,793.44,256.0,27.45,228.55,89.28,1.0,1024,low,False,0.0
sub_00117,predictive,P1_prefix_sums,c,59.45,0.0,353.3,34.06,353.3,256.0,5.8,250.2,97.73,1.0,1024,low,False,0.0
sub_00118,predictive,P1_prefix_sums,cpp,59.61,0.0,564.95,33.84,564.95,256.0,6.61,249.39,97.42,1.0,1024,low,False,0.0
sub_00119,predictive,P5_top_k_streaming,cpp,59.9,0.0,714.92,41.76,714.92,256.0,6.57,249.43,97.43,1.0,1024,low,False,0.0
sub_00120,predictive,P1_prefix_sums,cpp,60.34,0.0,551.07,33.0,551.07,256.0,6.45,249.55,97.48,1.0,1024,low,False,0.0
sub_00121,predictive,P1_prefix_sums,cpp,60.54,0.0,553.19,33.13,553.19,256.0,6.48,249.52,97.47,1.0,1024,low,False,0.0
sub_00122,predictive,P2_knapsack_2d_dp,java,61.11,0.0,1078.71,305.96,1078.71,2048.0,227.84,1820.16,88.87,2.0,2048,high,False,0.0
sub_00123,predictive,P1_prefix_sums,cpp,61.36,0.0,559.57,33.51,559.57,256.0,6.55,249.45,97.44,1.0,1024,low,False,0.0
sub_00124,predictive,P3_floyd_warshall,python,61.41,0.0,643.23,353.47,643.23,256.0,10.63,245.37,95.85,1.0,1024,low,False,0.0
sub_00125,predictive,P2_knapsack_2d_dp,cpp,62.86,0.0,657.58,158.52,657.58,2048.0,207.98,1840.02,89.84,2.0,2048,high,False,0.0
sub_00126,predictive,P1_prefix_sums,java,62.89,0.0,938.46,144.07,938.46,256.0,20.71,235.29,91.91,1.0,1024,low,False,0.0
sub_00127,predictive,P3_floyd_warshall,java,63.79,0.0,1018.55,160.01,1018.55,256.0,21.34,234.66,91.67,1.0,1024,low,False,0.0
sub_00128,predictive,P5_top_k_streaming,cpp,63.93,0.0,704.88,41.18,704.88,256.0,6.48,249.52,97.47,1.0,1024,low,False,0.0
sub_00129,predictive,P4_game_tree_search,cpp,64.57,0.0,557.36,54.16,557.36,256.0,6.23,249.77,97.57,1.0,1024,low,False,0.0
sub_00130,predictive,P5_top_k_streaming,cpp,64.84,0.0,699.34,40.85,699.34,256.0,6.43,249.57,97.49,1.0,1024,low,False,0.0
sub_00131,predictive,P3_floyd_warshall,python,64.99,0.0,632.96,347.83,632.96,256.0,10.47,245.53,95.91,1.0,1024,low,False,0.0
sub_00132,predictive,P1_prefix_sums,java,65.15,0.0,924.64,141.95,924.64,256.0,20.41,235.59,92.03,1.0,1024,low,False,0.0
sub_00133,predictive,P1_prefix_sums,cpp,65.56,0.0,536.92,32.16,536.92,256.0,6.29,249.71,97.54,1.0,1024,low,False,0.0
sub_00134,predictive,P3_floyd_warshall,cpp,65.63,0.0,649.47,50.43,649.47,256.0,7.06,248.94,97.24,1.0,1024,low,False,0.0
sub_00135,predictive,P3_floyd_warshall,java,65.89,0.0,993.47,156.07,993.47,256.0,20.81,235.19,91.87,1.0,1024,low,False,0.0
sub_00136,predictive,P5_top_k_streaming,cpp,66.6,0.0,713.96,41.71,713.96,256.0,6.56,249.44,97.44,1.0,1024,low,False,0.0
sub_00137,predictive,P1_prefix_sums,python,66.97,0.0,338.4,55.41,338.4,256.0,10.25,245.75,96.0,1.0,1024,low,False,0.0
sub_00138,predictive,P1_prefix_sums,python,67.56,0.0,346.41,56.72,346.41,256.0,10.49,245.51,95.9,1.0,1024,low,False,0.0
sub_00139,predictive,P1_prefix_sums,cpp,67.59,0.0,539.93,32.34,539.93,256.0,6.32,249.68,97.53,1.0,1024,low,False,0.0
sub_00140,predictive,P4_game_tree_search,python,68.87,0.0,584.22,300.85,584.22,256.0,9.54,246.46,96.27,1.0,1024,low,False,0.0
sub_00141,predictive,P5_top_k_streaming,java,69.12,0.0,812.15,260.5,812.15,256.0,28.09,227.91,89.03,1.0,1024,low,False,0.0
sub_00142,predictive,P5_top_k_streaming,cpp,69.36,0.0,717.97,41.94,717.97,256.0,6.6,249.4,97.42,1.0,1024,low,False,0.0
sub_00143,predictive,P5_top_k_streaming,c,70.75,0.0,376.64,36.01,376.64,256.0,6.28,249.72,97.55,1.0,1024,low,False,0.0
sub_00144,predictive,P5_top_k_streaming,python,71.07,0.0,363.79,88.25,363.79,256.0,13.38,242.62,94.77,1.0,1024,low,False,0.0
sub_00145,predictive,P2_knapsack_2d_dp,cpp,72.78,0.0,669.21,161.33,669.21,2048.0,211.66,1836.34,89.67,2.0,2048,high,False,0.0
sub_00146,predictive,P1_prefix_sums,python,73.89,0.0,337.63,55.28,337.63,256.0,10.23,245.77,96.0,1.0,1024,low,False,0.0
sub_00147,predictive,P3_floyd_warshall,cpp,74.29,0.0,631.36,49.03,631.36,256.0,6.86,249.14,97.32,1.0,1024,low,False,0.0
sub_00148,predictive,P4_game_tree_search,cpp,74.42,0.0,554.48,53.88,554.48,256.0,6.2,249.8,97.58,1.0,1024,low,False,0.0
sub_00149,predictive,P2_knapsack_2d_dp,python,75.0,0.0,562.66,263.1,562.66,2048.0,212.98,1835.02,89.6,2.0,2048,high,False,0.0
sub_00150,predictive,P5_top_k_streaming,python,75.05,0.0,369.27,89.58,369.27,256.0,13.59,242.41,94.69,1.0,1024,low,False,0.0
sub_00151,predictive,P2_knapsack_2d_dp,cpp,75.63,0.0,660.68,159.27,660.68,2048.0,208.96,1839.04,89.8,2.0,2048,high,False,0.0
sub_00152,predictive,P5_top_k_streaming,cpp,76.15,0.0,732.68,42.8,732.68,256.0,6.74,249.26,97.37,1.0,1024,low,False,0.0
sub_00153,predictive,P5_top_k_streaming,python,76.36,0.0,362.99,88.06,362.99,256.0,13.36,242.64,94.78,1.0,1024,low,False,0.0
sub_00154,predictive,P4_game_tree_search,cpp,76.73,0.0,567.52,55.15,567.52,256.0,6.35,249.65,97.52,1.0,1024,low,False,0.0
sub_00155,predictive,P1_prefix_sums,cpp,77.36,0.0,546.17,32.71,546.17,256.0,6.39,249.61,97.5,1.0,1024,low,False,0.0
sub_00156,predictive,P1_prefix_sums,python,77.4,0.0,340.9,55.82,340.9,256.0,10.33,245.67,95.97,1.0,1024,low,False,0.0
sub_00157,predictive,P5_top_k_streaming,cpp,78.19,0.0,735.8,42.98,735.8,256.0,6.76,249.24,97.36,1.0,1024,low,False,0.0
sub_00158,predictive,P5_top_k_streaming,python,80.2,0.0,376.5,91.33,376.5,256.0,13.85,242.15,94.59,1.0,1024,low,False,0.0
sub_00159,predictive,P1_prefix_sums,cpp,80.23,0.0,552.26,33.08,552.26,256.0,6.46,249.54,97.47,1.0,1024,low,False,0.0
sub_00160,predictive,P3_floyd_warshall,python,80.52,0.0,623.1,342.41,623.1,256.0,10.3,245.7,95.98,1.0,1024,low,False,0.0
sub_00161,predictive,P2_knapsack_2d_dp,cpp,80.59,0.0,682.57,164.55,682.57,2048.0,215.88,1832.12,89.46,2.0,2048,high,False,0.0
sub_00162,predictive,P2_knapsack_2d_dp,cpp,80.87,0.0,676.55,163.1,676.55,2048.0,213.98,1834.02,89.55,2.0,2048,high,False,0.0
sub_00163,predictive,P5_top_k_streaming,python,81.15,0.0,362.96,88.05,362.96,256.0,13.35,242.65,94.78,1.0,1024,low,False,0.0
sub_00164,predictive,P3_floyd_warshall,python,81.27,0.0,641.46,352.49,641.46,256.0,10.61,245.39,95.86,1.0,1024,low,False,0.0
sub_00165,predictive,P4_game_tree_search,python,82.26,0.0,615.7,317.05,615.7,256.0,10.05,245.95,96.07,1.0,1024,low,False,0.0
sub_00166,predictive,P2_knapsack_2d_dp,cpp,84.22,0.0,690.25,166.4,690.25,2048.0,218.31,1829.69,89.34,2.0,2048,high,False,0.0
sub_00167,predictive,P5_top_k_streaming,python,84.52,0.0,371.03,90.01,371.03,256.0,13.65,242.35,94.67,1.0,1024,low,False,0.0
sub_00168,predictive,P1_prefix_sums,python,85.06,0.0,335.75,54.98,335.75,256.0,10.17,245.83,96.03,1.0,1024,low,False,0.0
sub_00169,predictive,P1_prefix_sums,python,85.06,0.0,345.88,56.64,345.88,256.0,10.48,245.52,95.91,1.0,1024,low,False,0.0
sub_00170,predictive,P5_top_k_streaming,cpp,85.23,0.0,720.87,42.11,720.87,256.0,6.63,249.37,97.41,1.0,1024,low,False,0.0
sub_00171,predictive,P5_top_k_streaming,cpp,85.31,0.0,702.93,41.06,702.93,256.0,6.46,249.54,97.48,1.0,1024,low,False,0.0
sub_00172,predictive,P1_prefix_sums,cpp,85.36,0.0,545.37,32.66,545.37,256.0,6.38,249.62,97.51,1.0,1024,low,False,0.0
sub_00173,predictive,P4_game_tree_search,java,86.38,0.0,944.02,168.11,944.02,256.0,19.77,236.23,92.28,1.0,1024,low,False,0.0
sub_00174,predictive,P3_floyd_warshall,cpp,86.51,0.0,629.38,48.87,629.38,256.0,6.84,249.16,97.33,1.0,1024,low,False,0.0
sub_00175,predictive,P5_top_k_streaming,cpp,86.89,0.0,727.78,42.51,727.78,256.0,6.69,249.31,97.39,1.0,1024,low,False,0.0
sub_00176,predictive,P1_prefix_sums,cpp,87.04,0.0,558.26,33.43,558.26,256.0,6.53,249.47,97.45,1.0,1024,low,False,0.0
sub_00177,predictive,P5_top_k_streaming,python,87.1,0.0,364.02,88.31,364.02,256.0,13.39,242.61,94.77,1.0,1024,low,False,0.0
sub_00178,predictive,P5_top_k_streaming,cpp,87.45,0.0,708.37,41.38,708.37,256.0,6.51,249.49,97.46,1.0,1024,low,False,0.0
sub_00179,predictive,P4_game_tree_search,java,87.73,0.0,940.09,167.41,940.09,256.0,19.68,236.32,92.31,1.0,1024,low,False,0.0
sub_00180,predictive,P5_top_k_streaming,python,87.84,0.0,381.01,92.43,381.01,256.0,14.02,241.98,94.52,1.0,1024,low,False,0.0
sub_00181,predictive,P2_knapsack_2d_dp,cpp,87.84,0.0,676.13,163.0,676.13,2048.0,213.85,1834.15,89.56,2.0,2048,high,False,0.0
sub_00182,predictive,P5_top_k_streaming,cpp,87.93,0.0,701.88,41.0,701.88,256.0,6.45,249.55,97.48,1.0,1024,low,False,0.0
sub_00183,predictive,P4_game_tree_search,java,88.74,0.0,941.82,167.72,941.82,256.0,19.72,236.28,92.3,1.0,1024,low,False,0.0
sub_00184,predictive,P3_floyd_warshall,cpp,89.62,0.0,649.74,50.46,649.74,256.0,7.06,248.94,97.24,1.0,1024,low,False,0.0
sub_00185,predictive,P2_knapsack_2d_dp,python,89.64,0.0,582.44,272.35,582.44,2048.0,220.47,1827.53,89.23,2.0,2048,high,False,0.0
sub_00186,predictive,P1_prefix_sums,cpp,89.8,0.0,556.75,33.34,556.75,256.0,6.52,249.48,97.45,1.0,1024,low,False,0.0
sub_00187,predictive,P1_prefix_sums,python,90.33,0.0,334.97,54.85,334.97,256.0,10.15,245.85,96.04,1.0,1024,low,False,0.0
sub_00188,predictive,P5_top_k_streaming,python,90.42,0.0,366.93,89.01,366.93,256.0,13.5,242.5,94.73,1.0,1024,low,False,0.0
sub_00189,predictive,P3_floyd_warshall,python,90.46,0.0,623.34,342.54,623.34,256.0,10.31,245.69,95.97,1.0,1024,low,False,0.0
sub_00190,predictive,P5_top_k_streaming,java,90.93,0.0,816.26,261.82,816.26,256.0,28.24,227.76,88.97,1.0,1024,low,False,0.0
sub_00191,predictive,P5_top_k_streaming,cpp,91.56,0.0,720.22,42.07,720.22,256.0,6.62,249.38,97.41,1.0,1024,low,False,0.0
sub_00192,predictive,P5_top_k_streaming,cpp,91.58,0.0,706.65,41.28,706.65,256.0,6.5,249.5,97.46,1.0,1024,low,False,0.0
sub_00193,predictive,P4_game_tree_search,cpp,91.82,0.0,549.45,53.39,549.45,256.0,6.14,249.86,97.6,1.0,1024,low,False,0.0
sub_00194,predictive,P4_game_tree_search,c,91.96,0.0,381.82,50.06,381.82,256.0,5.96,250.04,97.67,1.0,1024,low,False,0.0
sub_00195,predictive,P5_top_k_streaming,cpp,92.05,0.0,726.73,42.45,726.73,256.0,6.68,249.32,97.39,1.0,1024,low,False,0.0
sub_00196,predictive,P1_prefix_sums,java,93.89,0.0,949.64,145.79,949.64,256.0,20.96,235.04,91.81,1.0,1024,low,False,0.0
sub_00197,predictive,P3_floyd_warshall,cpp,94.09,0.0,637.86,49.53,637.86,256.0,6.93,249.07,97.29,1.0,1024,low,False,0.0
sub_00198,predictive,P1_prefix_sums,cpp,94.54,0.0,550.13,32.95,550.13,256.0,6.44,249.56,97.48,1.0,1024,low,False,0.0
sub_00199,predictive,P3_floyd_warshall,cpp,94.87,0.0,619.16,48.08,619.16,256.0,6.73,249.27,97.37,1.0,1024,low,False,0.0
sub_00200,predictive,P1_prefix_sums,cpp,95.3,0.0,554.5,33.21,554.5,256.0,6.49,249.51,97.46,1.0,1024,low,False,0.0
sub_00201,predictive,P1_prefix_sums,python,95.64,0.0,335.52,54.94,335.52,256.0,10.16,245.84,96.03,1.0,1024,low,False,0.0
sub_00202,predictive,P1_prefix_sums,cpp,96.91,0.0,540.19,32.35,540.19,256.0,6.32,249.68,97.53,1.0,1024,low,False,0.0
sub_00203,predictive,P5_top_k_streaming,cpp,97.04,0.0,716.36,41.85,716.36,256.0,6.59,249.41,97.43,1.0,1024,low,False,0.0
sub_00204,predictive,P5_top_k_streaming,cpp,97.09,0.0,734.28,42.89,734.28,256.0,6.75,249.25,97.36,1.0,1024,low,False,0.0
sub_00205,predictive,P1_prefix_sums,cpp,97.56,0.0,552.57,33.09,552.57,256.0,6.47,249.53,97.47,1.0,1024,low,False,0.0
sub_00206,predictive,P2_knapsack_2d_dp,java,97.62,0.0,1095.69,310.78,1095.69,2048.0,231.43,1816.57,88.7,2.0,2048,high,False,0.0
sub_00207,predictive,P1_prefix_sums,cpp,97.77,0.0,558.85,33.47,558.85,256.0,6.54,249.46,97.44,1.0,1024,low,False,0.0
sub_00208,predictive,P1_prefix_sums,cpp,97.79,0.0,555.55,33.27,555.55,256.0,6.5,249.5,97.46,1.0,1024,low,False,0.0
sub_00209,predictive,P5_top_k_streaming,java,97.87,0.0,794.7,254.9,794.7,256.0,27.49,228.51,89.26,1.0,1024,low,False,0.0
sub_00210,predictive,P3_floyd_warshall,java,98.24,0.0,1000.45,157.17,1000.45,256.0,20.96,235.04,91.81,1.0,1024,low,False,0.0
sub_00211,predictive,P1_prefix_sums,c,98.29,0.0,367.58,35.44,367.58,2048.0,6.04,2041.96,99.71,2.0,2048,high,False,0.0
sub_00212,predictive,P2_knapsack_2d_dp,cpp,98.89,0.0,681.43,164.27,681.43,2048.0,215.52,1832.48,89.48,2.0,2048,high,False,0.0
sub_00213,predictive,P1_prefix_sums,python,98.99,0.0,343.3,56.21,343.3,256.0,10.4,245.6,95.94,1.0,1024,low,False,0.0
sub_00214,predictive,P2_knapsack_2d_dp,cpp,99.28,0.0,677.27,163.27,677.27,2048.0,214.21,1833.79,89.54,2.0,2048,high,False,0.0
sub_00215,predictive,P5_top_k_streaming,cpp,100.72,0.0,729.57,42.62,729.57,256.0,6.71,249.29,97.38,1.0,1024,low,False,0.0
sub_00216,predictive,P1_prefix_sums,cpp,100.74,0.0,542.39,32.48,542.39,256.0,6.35,249.65,97.52,1.0,1024,low,False,0.0
sub_00217,predictive,P1_prefix_sums,java,100.76,0.0,933.25,143.27,933.25,256.0,20.6,235.4,91.95,1.0,1024,low,False,0.0
sub_00218,predictive,P3_floyd_warshall,java,101.33,0.0,964.8,151.57,964.8,256.0,20.21,235.79,92.11,1.0,1024,low,False,0.0
sub_00219,predictive,P3_floyd_warshall,cpp,101.7,0.0,615.0,47.76,615.0,256.0,6.69,249.31,97.39,1.0,1024,low,False,0.0
sub_00220,predictive,P2_knapsack_2d_dp,cpp,103.0,0.0,689.49,166.22,689.49,2048.0,218.07,1829.93,89.35,2.0,2048,high,False,0.0
sub_00221,predictive,P5_top_k_streaming,cpp,103.21,0.0,697.66,40.75,697.66,256.0,6.41,249.59,97.49,1.0,1024,low,False,0.0
sub_00222,predictive,P2_knapsack_2d_dp,python,103.67,0.0,554.01,259.06,554.01,2048.0,209.71,1838.29,89.76,2.0,2048,high,False,0.0
sub_00223,predictive,P1_prefix_sums,cpp,103.89,0.0,539.1,32.29,539.1,256.0,6.31,249.69,97.53,1.0,1024,low,False,0.0
sub_00224,predictive,P5_top_k_streaming,cpp,104.64,0.0,699.81,40.88,699.81,256.0,6.43,249.57,97.49,1.0,1024,low,False,0.0
sub_00225,predictive,P1_prefix_sums,cpp,105.16,0.0,559.26,33.49,559.26,256.0,6.55,249.45,97.44,1.0,1024,low,False,0.0
sub_00226,predictive,P1_prefix_sums,java,105.56,0.0,955.93,146.76,955.93,256.0,21.1,234.9,91.76,1.0,1024,low,False,0.0
sub_00227,predictive,P1_prefix_sums,java,106.37,0.0,942.98,144.77,942.98,256.0,20.81,235.19,91.87,1.0,1024,low,False,0.0
sub_00228,predictive,P1_prefix_sums,cpp,107.03,0.0,536.1,32.11,536.1,256.0,6.28,249.72,97.55,1.0,1024,low,False,0.0
sub_00229,predictive,P5_top_k_streaming,java,107.6,0.0,772.6,247.81,772.6,256.0,26.73,229.27,89.56,1.0,1024,low,False,0.0
sub_00230,predictive,P5_top_k_streaming,cpp,108.43,0.0,700.49,40.92,700.49,256.0,6.44,249.56,97.48,1.0,1024,low,False,0.0
sub_00231,predictive,P5_top_k_streaming,java,108.45,0.0,811.02,260.14,811.02,256.0,28.05,227.95,89.04,1.0,1024,low,False,0.0
sub_00232,predictive,P1_prefix_sums,java,108.71,0.0,927.73,142.43,927.73,256.0,20.48,235.52,92.0,1.0,1024,low,False,0.0
sub_00233,predictive,P1_prefix_sums,cpp,108.95,0.0,552.21,33.07,552.21,256.0,6.46,249.54,97.47,1.0,1024,low,False,0.0
sub_00234,predictive,P1_prefix_sums,python,108.97,0.0,341.3,55.89,341.3,256.0,10.34,245.66,95.96,1.0,1024,low,False,0.0
sub_00235,predictive,P1_prefix_sums,cpp,109.01,0.0,553.16,33.13,553.16,256.0,6.48,249.52,97.47,1.0,1024,low,False,0.0
sub_00236,predictive,P5_top_k_streaming,cpp,109.11,0.0,730.6,42.68,730.6,256.0,6.72,249.28,97.38,1.0,1024,low,False,0.0
sub_00237,predictive,P1_prefix_sums,cpp,109.78,0.0,540.8,32.39,540.8,256.0,6.33,249.67,97.53,1.0,1024,low,False,0.0
sub_00238,predictive,P5_top_k_streaming,cpp,109.94,0.0,714.35,41.73,714.35,256.0,6.57,249.43,97.43,1.0,1024,low,False,0.0
sub_00239,predictive,P2_knapsack_2d_dp,java,110.17,0.0,1115.59,316.42,1115.59,2048.0,235.63,1812.37,88.49,2.0,2048,high,False,0.0
sub_00240,predictive,P5_top_k_streaming,python,110.86,0.0,373.88,90.7,373.88,256.0,13.76,242.24,94.63,1.0,1024,low,False,0.0
sub_00241,predictive,P1_prefix_sums,cpp,111.57,0.0,549.75,32.92,549.75,256.0,6.44,249.56,97.49,1.0,1024,low,False,0.0
sub_00242,predictive,P1_prefix_sums,java,111.72,0.0,924.68,141.96,924.68,256.0,20.41,235.59,92.03,1.0,1024,low,False,0.0
sub_00243,predictive,P1_prefix_sums,cpp,111.75,0.0,564.88,33.83,564.88,256.0,6.61,249.39,97.42,1.0,1024,low,False,0.0
sub_00244,predictive,P1_prefix_sums,python,112.11,0.0,332.15,54.39,332.15,256.0,10.06,245.94,96.07,1.0,1024,low,False,0.0
sub_00245,predictive,P1_prefix_sums,cpp,112.22,0.0,545.99,32.7,545.99,256.0,6.39,249.61,97.5,1.0,1024,low,False,0.0
sub_00246,predictive,P1_prefix_sums,cpp,113.73,0.0,544.57,32.61,544.57,256.0,6.37,249.63,97.51,1.0,1024,low,False,0.0
sub_00247,predictive,P4_game_tree_search,python,114.04,0.0,584.5,300.99,584.5,256.0,9.54,246.46,96.27,1.0,1024,low,False,0.0
sub_00248,predictive,P5_top_k_streaming,cpp,114.7,0.0,738.5,43.14,738.5,256.0,6.79,249.21,97.35,1.0,1024,low,False,0.0
sub_00249,predictive,P1_prefix_sums,python,115.08,0.0,341.24,55.88,341.24,256.0,10.34,245.66,95.96,1.0,1024,low,False,0.0
sub_00250,predictive,P2_knapsack_2d_dp,cpp,115.12,0.0,654.29,157.73,654.29,2048.0,206.94,1841.06,89.9,2.0,2048,high,False,0.0
sub_00001,reactive,P2_knapsack_2d_dp,cpp,0.03,0.0,696.72,164.34,696.72,2048.0,215.61,1832.39,89.47,2.0,2048,low,True,490
sub_00002,reactive,P1_prefix_sums,cpp,0.24,0.0,553.78,33.17,553.78,256.0,6.48,249.52,97.47,1.0,1024,low,False,0.0
sub_00003,reactive,P5_top_k_streaming,cpp,2.2,0.0,699.49,40.86,699.49,256.0,6.43,249.57,97.49,1.0,1024,low,False,0.0
sub_00004,reactive,P3_floyd_warshall,cpp,4.2,0.0,633.99,49.23,633.99,256.0,6.89,249.11,97.31,1.0,1024,low,False,0.0
sub_00005,reactive,P4_game_tree_search,python,4.53,0.0,600.77,309.37,600.77,256.0,9.81,246.19,96.17,1.0,1024,low,False,0.0
sub_00006,reactive,P1_prefix_sums,cpp,4.68,0.0,542.66,32.5,542.66,256.0,6.35,249.65,97.52,1.0,1024,low,False,0.0
sub_00007,reactive,P1_prefix_sums,cpp,4.84,0.0,549.23,32.89,549.23,256.0,6.43,249.57,97.49,1.0,1024,low,False,0.0
sub_00008,reactive,P4_game_tree_search,cpp,5.68,0.0,560.81,54.5,560.81,256.0,6.27,249.73,97.55,1.0,1024,low,False,0.0
sub_00009,reactive,P1_prefix_sums,cpp,5.73,0.0,546.41,32.73,546.41,256.0,6.4,249.6,97.5,1.0,1024,low,False,0.0
sub_00010,reactive,P1_prefix_sums,java,6.47,0.0,966.89,148.44,966.89,256.0,21.34,234.66,91.66,1.0,1024,low,False,0.0
sub_00011,reactive,P1_prefix_sums,cpp,7.09,0.0,555.06,33.24,555.06,256.0,6.5,249.5,97.46,1.0,1024,low,False,0.0
sub_00012,reactive,P4_game_tree_search,java,7.18,0.0,937.45,166.94,937.45,256.0,19.63,236.37,92.33,1.0,1024,low,False,0.0
sub_00013,reactive,P4_game_tree_search,python,7.31,0.0,592.33,305.02,592.33,256.0,9.67,246.33,96.22,1.0,1024,low,False,0.0
sub_00014,reactive,P5_top_k_streaming,python,8.51,0.0,375.01,90.97,375.01,256.0,13.8,242.2,94.61,1.0,1024,low,False,0.0
sub_00015,reactive,P2_knapsack_2d_dp,cpp,9.13,0.0,690.89,162.94,690.89,2048.0,213.77,1834.23,89.56,2.0,2048,low,True,490
sub_00016,reactive,P1_prefix_sums,python,9.19,0.0,349.21,57.18,349.21,256.0,10.58,245.42,95.87,1.0,1024,low,False,0.0
sub_00017,reactive,P1_prefix_sums,java,9.36,0.0,978.38,150.2,978.38,256.0,21.59,234.41,91.56,1.0,1024,low,False,0.0
sub_00018,reactive,P5_top_k_streaming,cpp,10.76,0.0,716.61,41.86,716.61,256.0,6.59,249.41,97.43,1.0,1024,low,False,0.0
sub_00019,reactive,P4_game_tree_search,cpp,11.55,0.0,552.15,53.65,552.15,256.0,6.18,249.82,97.59,1.0,1024,low,False,0.0
sub_00020,reactive,P5_top_k_streaming,cpp,12.3,0.0,714.7,41.75,714.7,256.0,6.57,249.43,97.43,1.0,1024,low,False,0.0
sub_00021,reactive,P1_prefix_sums,cpp,12.73,0.0,561.21,33.61,561.21,256.0,6.57,249.43,97.43,1.0,1024,low,False,0.0
sub_00022,reactive,P5_top_k_streaming,python,12.95,0.0,364.38,88.4,364.38,256.0,13.41,242.59,94.76,1.0,1024,low,False,0.0
sub_00023,reactive,P1_prefix_sums,java,13.22,0.0,932.68,143.19,932.68,256.0,20.59,235.41,91.96,1.0,1024,low,False,0.0
sub_00024,reactive,P1_prefix_sums,cpp,14.44,0.0,566.95,33.96,566.95,256.0,6.64,249.36,97.41,1.0,1024,low,False,0.0
sub_00025,reactive,P1_prefix_sums,cpp,16.32,0.0,561.61,33.64,561.61,256.0,6.57,249.43,97.43,1.0,1024,low,False,0.0
sub_00026,reactive,P2_knapsack_2d_dp,python,16.77,0.0,602.18,274.57,602.18,2048.0,222.26,1825.74,89.15,2.0,2048,low,True,538
sub_00027,reactive,P5_top_k_streaming,cpp,16.85,0.0,721.54,42.15,721.54,256.0,6.63,249.37,97.41,1.0,1024,low,False,0.0
sub_00028,reactive,P2_knapsack_2d_dp,cpp,16.87,0.0,673.57,158.76,673.57,2048.0,208.29,1839.71,89.83,2.0,2048,low,True,490
sub_00029,reactive,P3_floyd_warshall,cpp,17.46,0.0,645.57,50.13,645.57,256.0,7.02,248.98,97.26,1.0,1024,low,False,0.0
sub_00030,reactive,P4_game_tree_search,cpp,17.59,0.0,571.11,55.5,571.11,256.0,6.39,249.61,97.51,1.0,1024,low,False,0.0
sub_00031,reactive,P5_top_k_streaming,java,17.96,0.0,796.73,255.56,796.73,256.0,27.56,228.44,89.23,1.0,1024,low,False,0.0
sub_00032,reactive,P5_top_k_streaming,java,18.77,0.0,801.56,257.1,801.56,256.0,27.73,228.27,89.17,1.0,1024,low,False,0.0
sub_00033,reactive,P4_game_tree_search,java,19.32,0.0,931.97,165.97,931.97,256.0,19.51,236.49,92.38,1.0,1024,low,False,0.0
sub_00034,reactive,P4_game_tree_search,cpp,19.34,0.0,571.39,55.52,571.39,256.0,6.39,249.61,97.5,1.0,1024,low,False,0.0
sub_00035,reactive,P2_knapsack_2d_dp,cpp,19.57,0.0,692.7,163.38,692.7,2048.0,214.34,1833.66,89.53,2.0,2048,low,True,490
sub_00036,reactive,P4_game_tree_search,java,20.79,0.0,967.37,172.27,967.37,256.0,20.25,235.75,92.09,1.0,1024,low,False,0.0
sub_00037,reactive,P3_floyd_warshall,java,21.33,0.0,983.47,154.5,983.47,256.0,20.6,235.4,91.95,1.0,1024,low,False,0.0
sub_00038,reactive,P1_prefix_sums,cpp,21.41,0.0,559.98,33.54,559.98,256.0,6.56,249.44,97.44,1.0,1024,low,False,0.0
sub_00039,reactive,P1_prefix_sums,java,21.98,0.0,978.72,150.26,978.72,256.0,21.6,234.4,91.56,1.0,1024,low,False,0.0
sub_00040,reactive,P1_prefix_sums,java,22.76,0.0,948.38,145.6,948.38,256.0,20.93,235.07,91.82,1.0,1024,low,False,0.0
sub_00041,reactive,P5_top_k_streaming,cpp,23.11,0.0,703.09,41.07,703.09,256.0,6.46,249.54,97.48,1.0,1024,low,False,0.0
sub_00042,reactive,P1_prefix_sums,java,23.16,0.0,942.69,144.72,942.69,256.0,20.81,235.19,91.87,1.0,1024,low,False,0.0
sub_00043,reactive,P1_prefix_sums,cpp,23.6,0.0,537.74,32.21,537.74,256.0,6.29,249.71,97.54,1.0,1024,low,False,0.0
sub_00044,reactive,P5_top_k_streaming,c,24.59,0.0,377.2,36.06,377.2,256.0,6.29,249.71,97.54,1.0,1024,low,False,0.0
sub_00045,reactive,P2_knapsack_2d_dp,cpp,24.74,0.0,701.8,165.57,701.8,2048.0,217.22,1830.78,89.39,2.0,2048,low,True,490
sub_00046,reactive,P1_prefix_sums,python,25.73,0.0,338.45,55.42,338.45,256.0,10.25,245.75,96.0,1.0,1024,low,False,0.0
sub_00047,reactive,P3_floyd_warshall,python,26.14,0.0,635.05,348.97,635.05,256.0,10.5,245.5,95.9,1.0,1024,low,False,0.0
sub_00048,reactive,P1_prefix_sums,cpp,26.6,0.0,539.19,32.29,539.19,256.0,6.31,249.69,97.53,1.0,1024,low,False,0.0
sub_00049,reactive,P2_knapsack_2d_dp,python,26.72,0.0,569.67,259.36,569.67,2048.0,209.96,1838.04,89.75,2.0,2048,low,True,538
sub_00050,reactive,P3_floyd_warshall,c,27.51,0.0,378.05,39.95,378.05,256.0,6.38,249.62,97.51,1.0,1024,low,False,0.0
sub_00051,reactive,P1_prefix_sums,python,27.57,0.0,335.96,55.01,335.96,256.0,10.18,245.82,96.02,1.0,1024,low,False,0.0
sub_00052,reactive,P1_prefix_sums,python,27.77,0.0,342.5,56.08,342.5,256.0,10.38,245.62,95.95,1.0,1024,low,False,0.0
sub_00053,reactive,P1_prefix_sums,python,27.85,0.0,350.46,57.38,350.46,256.0,10.62,245.38,95.85,1.0,1024,low,False,0.0
sub_00054,reactive,P2_knapsack_2d_dp,cpp,28.54,0.0,686.03,161.77,686.03,2048.0,212.23,1835.77,89.64,2.0,2048,low,True,490
sub_00055,reactive,P5_top_k_streaming,cpp,29.09,0.0,717.53,41.91,717.53,256.0,6.6,249.4,97.42,1.0,1024,low,False,0.0
sub_00056,reactive,P2_knapsack_2d_dp,cpp,30.22,0.0,693.84,163.65,693.84,2048.0,214.7,1833.3,89.52,2.0,2048,low,True,490
sub_00057,reactive,P5_top_k_streaming,cpp,30.44,0.0,711.93,41.59,711.93,256.0,6.54,249.46,97.44,1.0,1024,low,False,0.0
sub_00058,reactive,P1_prefix_sums,c,30.67,0.0,365.97,35.29,365.97,256.0,6.01,249.99,97.65,1.0,1024,low,False,0.0
sub_00059,reactive,P5_top_k_streaming,cpp,30.7,0.0,699.66,40.87,699.66,256.0,6.43,249.57,97.49,1.0,1024,low,False,0.0
sub_00060,reactive,P1_prefix_sums,cpp,31.62,0.0,553.82,33.17,553.82,256.0,6.48,249.52,97.47,1.0,1024,low,False,0.0
sub_00061,reactive,P5_top_k_streaming,cpp,31.63,0.0,736.64,43.03,736.64,256.0,6.77,249.23,97.35,1.0,1024,low,False,0.0
sub_00062,reactive,P1_prefix_sums,cpp,32.46,0.0,542.61,32.5,542.61,256.0,6.35,249.65,97.52,1.0,1024,low,False,0.0
sub_00063,reactive,P2_knapsack_2d_dp,python,32.5,0.0,576.14,262.39,576.14,2048.0,212.41,1835.59,89.63,2.0,2048,low,True,538
sub_00064,reactive,P1_prefix_sums,c,33.35,0.0,353.96,34.13,353.96,256.0,5.81,250.19,97.73,1.0,1024,low,False,0.0
sub_00065,reactive,P5_top_k_streaming,cpp,33.96,0.0,705.4,41.21,705.4,256.0,6.48,249.52,97.47,1.0,1024,low,False,0.0
sub_00066,reactive,P3_floyd_warshall,python,33.98,0.0,615.42,338.19,615.42,256.0,10.18,245.82,96.03,1.0,1024,low,False,0.0
sub_00067,reactive,P1_prefix_sums,python,34.45,0.0,340.11,55.69,340.11,256.0,10.3,245.7,95.98,1.0,1024,low,False,0.0
sub_00068,reactive,P5_top_k_streaming,python,34.53,0.0,378.19,91.74,378.19,256.0,13.91,242.09,94.56,1.0,1024,low,False,0.0
sub_00069,reactive,P1_prefix_sums,cpp,35.4,0.0,557.38,33.38,557.38,256.0,6.52,249.48,97.45,1.0,1024,low,False,0.0
sub_00070,reactive,P3_floyd_warshall,c,35.5,0.0,391.42,41.36,391.42,256.0,6.61,249.39,97.42,1.0,1024,low,False,0.0
sub_00071,reactive,P4_game_tree_search,java,36.19,0.0,951.46,169.44,951.46,256.0,19.92,236.08,92.22,1.0,1024,low,False,0.0
sub_00072,reactive,P1_prefix_sums,cpp,36.8,0.0,536.09,32.11,536.09,256.0,6.28,249.72,97.55,1.0,1024,low,False,0.0
sub_00073,reactive,P1_prefix_sums,python,37.49,0.0,343.51,56.25,343.51,256.0,10.41,245.59,95.94,1.0,1024,low,False,0.0
sub_00074,reactive,P1_prefix_sums,c,38.82,0.0,362.05,34.91,362.05,256.0,5.94,250.06,97.68,1.0,1024,low,False,0.0
sub_00075,reactive,P4_game_tree_search,python,39.35,0.0,589.56,303.6,589.56,256.0,9.63,246.37,96.24,1.0,1024,low,False,0.0
sub_00076,reactive,P1_prefix_sums,python,40.59,0.0,349.49,57.23,349.49,256.0,10.59,245.41,95.86,1.0,1024,low,False,0.0
sub_00077,reactive,P2_knapsack_2d_dp,python,40.61,0.0,582.48,265.35,582.48,2048.0,214.81,1833.19,89.51,2.0,2048,low,True,538
sub_00078,reactive,P2_knapsack_2d_dp,java,40.92,0.0,1132.12,316.86,1132.12,2048.0,235.96,1812.04,88.48,2.0,2048,low,True,580
sub_00079,reactive,P1_prefix_sums,cpp,41.05,0.0,543.26,32.54,543.26,256.0,6.36,249.64,97.52,1.0,1024,low,False,0.0
sub_00080,reactive,P1_prefix_sums,python,41.78,0.0,338.05,55.35,338.05,256.0,10.24,245.76,96.0,1.0,1024,low,False,0.0
sub_00081,reactive,P1_prefix_sums,cpp,42.4,0.0,558.0,33.42,558.0,256.0,6.53,249.47,97.45,1.0,1024,low,False,0.0
sub_00082,reactive,P2_knapsack_2d_dp,cpp,42.69,0.0,681.78,160.74,681.78,2048.0,210.89,1837.11,89.7,2.0,2048,low,True,490
sub_00083,reactive,P1_prefix_sums,cpp,44.06,0.0,535.0,32.04,535.0,256.0,6.26,249.74,97.55,1.0,1024,low,False,0.0
sub_00084,reactive,P1_prefix_sums,cpp,44.83,0.0,550.2,32.95,550.2,256.0,6.44,249.56,97.48,1.0,1024,low,False,0.0
sub_00085,reactive,P5_top_k_streaming,cpp,44.96,0.0,697.96,40.77,697.96,256.0,6.42,249.58,97.49,1.0,1024,low,False,0.0
sub_00086,reactive,P4_game_tree_search,java,45.03,0.0,971.68,173.04,971.68,256.0,20.34,235.66,92.05,1.0,1024,low,False,0.0
sub_00087,reactive,P4_game_tree_search,cpp,45.86,0.0,574.02,55.78,574.02,256.0,6.42,249.58,97.49,1.0,1024,low,False,0.0
sub_00088,reactive,P2_knapsack_2d_dp,cpp,45.89,0.0,666.84,157.14,666.84,2048.0,206.16,1841.84,89.93,2.0,2048,low,True,490
sub_00089,reactive,P2_knapsack_2d_dp,cpp,46.24,0.0,681.53,160.68,681.53,2048.0,210.81,1837.19,89.71,2.0,2048,low,True,490
sub_00090,reactive,P1_prefix_sums,cpp,46.46,0.0,559.14,33.49,559.14,256.0,6.55,249.45,97.44,1.0,1024,low,False,0.0
sub_00091,reactive,P3_floyd_warshall,java,47.16,0.0,979.75,153.92,979.75,256.0,20.52,235.48,91.98,1.0,1024,low,False,0.0
sub_00092,reactive,P1_prefix_sums,cpp,47.35,0.0,550.35,32.96,550.35,256.0,6.44,249.56,97.48,1.0,1024,low,False,0.0
sub_00093,reactive,P5_top_k_streaming,python,48.3,0.0,378.93,91.92,378.93,256.0,13.94,242.06,94.55,1.0,1024,low,False,0.0
sub_00094,reactive,P5_top_k_streaming,python,48.41,0.0,374.74,90.91,374.74,256.0,13.79,242.21,94.61,1.0,1024,low,False,0.0
sub_00095,reactive,P1_prefix_sums,cpp,48.42,0.0,564.72,33.82,564.72,256.0,6.61,249.39,97.42,1.0,1024,low,False,0.0
sub_00096,reactive,P4_game_tree_search,cpp,48.84,0.0,553.52,53.79,553.52,256.0,6.19,249.81,97.58,1.0,1024,low,False,0.0
sub_00097,reactive,P1_prefix_sums,java,49.08,0.0,949.84,145.82,949.84,256.0,20.96,235.04,91.81,1.0,1024,low,False,0.0
sub_00098,reactive,P5_top_k_streaming,cpp,49.43,0.0,729.55,42.62,729.55,256.0,6.71,249.29,97.38,1.0,1024,low,False,0.0
sub_00099,reactive,P5_top_k_streaming,cpp,49.53,0.0,721.41,42.14,721.41,256.0,6.63,249.37,97.41,1.0,1024,low,False,0.0
sub_00100,reactive,P5_top_k_streaming,cpp,50.94,0.0,727.96,42.52,727.96,256.0,6.69,249.31,97.39,1.0,1024,low,False,0.0
sub_00101,reactive,P3_floyd_warshall,python,52.65,0.0,620.8,341.14,620.8,256.0,10.26,245.74,95.99,1.0,1024,low,False,0.0
sub_00102,reactive,P3_floyd_warshall,cpp,52.88,0.0,627.23,48.71,627.23,256.0,6.82,249.18,97.34,1.0,1024,low,False,0.0
sub_00103,reactive,P4_game_tree_search,python,53.08,0.0,615.33,316.86,615.33,256.0,10.05,245.95,96.08,1.0,1024,low,False,0.0
sub_00104,reactive,P4_game_tree_search,cpp,53.39,0.0,561.17,54.53,561.17,256.0,6.28,249.72,97.55,1.0,1024,low,False,0.0
sub_00105,reactive,P2_knapsack_2d_dp,cpp,53.92,0.0,677.05,159.6,677.05,2048.0,209.39,1838.61,89.78,2.0,2048,low,True,490
sub_00106,reactive,P4_game_tree_search,python,54.42,0.0,606.47,312.3,606.47,256.0,9.9,246.1,96.13,1.0,1024,low,False,0.0
sub_00107,reactive,P5_top_k_streaming,java,54.62,0.0,787.73,252.67,787.73,256.0,27.25,228.75,89.36,1.0,1024,low,False,0.0
sub_00108,reactive,P3_floyd_warshall,python,54.95,0.0,635.66,349.31,635.66,256.0,10.51,245.49,95.89,1.0,1024,low,False,0.0
sub_00109,reactive,P2_knapsack_2d_dp,cpp,55.03,0.0,691.77,163.15,691.77,2048.0,214.05,1833.95,89.55,2.0,2048,low,True,490
sub_00110,reactive,P1_prefix_sums,cpp,55.32,0.0,553.63,33.16,553.63,256.0,6.48,249.52,97.47,1.0,1024,low,False,0.0
sub_00111,reactive,P1_prefix_sums,cpp,55.69,0.0,554.01,33.18,554.01,256.0,6.49,249.51,97.47,1.0,1024,low,False,0.0
sub_00112,reactive,P1_prefix_sums,cpp,55.7,0.0,554.96,33.24,554.96,256.0,6.5,249.5,97.46,1.0,1024,low,False,0.0
sub_00113,reactive,P1_prefix_sums,java,57.41,0.0,938.67,144.11,938.67,256.0,20.72,235.28,91.91,1.0,1024,low,False,0.0
sub_00114,reactive,P5_top_k_streaming,python,57.57,0.0,361.69,87.74,361.69,256.0,13.31,242.69,94.8,1.0,1024,low,False,0.0
sub_00115,reactive,P2_knapsack_2d_dp,python,58.02,0.0,592.49,270.04,592.49,2048.0,218.6,1829.4,89.33,2.0,2048,low,True,538
sub_00116,reactive,P5_top_k_streaming,java,58.54,0.0,809.38,259.61,809.38,256.0,28.0,228.0,89.06,1.0,1024,low,False,0.0
sub_00117,reactive,P1_prefix_sums,c,59.45,0.0,371.25,35.8,371.25,256.0,6.1,249.9,97.62,1.0,1024,low,False,0.0
sub_00118,reactive,P1_prefix_sums,cpp,59.61,0.0,537.65,32.2,537.65,256.0,6.29,249.71,97.54,1.0,1024,low,False,0.0
sub_00119,reactive,P5_top_k_streaming,cpp,59.9,0.0,720.13,42.07,720.13,256.0,6.62,249.38,97.41,1.0,1024,low,False,0.0
sub_00120,reactive,P1_prefix_sums,cpp,60.34,0.0,550.6,32.98,550.6,256.0,6.45,249.55,97.48,1.0,1024,low,False,0.0
sub_00121,reactive,P1_prefix_sums,cpp,60.54,0.0,557.24,33.37,557.24,256.0,6.52,249.48,97.45,1.0,1024,low,False,0.0
sub_00122,reactive,P2_knapsack_2d_dp,java,61.11,0.0,1116.68,312.48,1116.68,2048.0,232.7,1815.3,88.64,2.0,2048,low,True,580
sub_00123,reactive,P1_prefix_sums,cpp,61.36,0.0,554.95,33.24,554.95,256.0,6.5,249.5,97.46,1.0,1024,low,False,0.0
sub_00124,reactive,P3_floyd_warshall,python,61.41,0.0,611.69,336.14,611.69,256.0,10.11,245.89,96.05,1.0,1024,low,False,0.0
sub_00125,reactive,P2_knapsack_2d_dp,cpp,62.86,0.0,704.33,166.18,704.33,2048.0,218.02,1829.98,89.35,2.0,2048,low,True,490
sub_00126,reactive,P1_prefix_sums,java,62.89,0.0,941.65,144.57,941.65,256.0,20.78,235.22,91.88,1.0,1024,low,False,0.0
sub_00127,reactive,P3_floyd_warshall,java,63.79,0.0,969.35,152.29,969.35,256.0,20.3,235.7,92.07,1.0,1024,low,False,0.0
sub_00128,reactive,P5_top_k_streaming,cpp,63.93,0.0,725.63,42.39,725.63,256.0,6.67,249.33,97.39,1.0,1024,low,False,0.0
sub_00129,reactive,P4_game_tree_search,cpp,64.57,0.0,549.5,53.4,549.5,256.0,6.15,249.85,97.6,1.0,1024,low,False,0.0
sub_00130,reactive,P5_top_k_streaming,cpp,64.84,0.0,721.44,42.14,721.44,256.0,6.63,249.37,97.41,1.0,1024,low,False,0.0
sub_00131,reactive,P3_floyd_warshall,python,64.99,0.0,616.79,338.94,616.79,256.0,10.2,245.8,96.02,1.0,1024,low,False,0.0
sub_00132,reactive,P1_prefix_sums,java,65.15,0.0,976.59,149.93,976.59,256.0,21.55,234.45,91.58,1.0,1024,low,False,0.0
sub_00133,reactive,P1_prefix_sums,cpp,65.56,0.0,546.49,32.73,546.49,256.0,6.4,249.6,97.5,1.0,1024,low,False,0.0
sub_00134,reactive,P3_floyd_warshall,cpp,65.63,0.0,632.35,49.1,632.35,256.0,6.87,249.13,97.31,1.0,1024,low,False,0.0
sub_00135,reactive,P3_floyd_warshall,java,65.89,0.0,1014.64,159.4,1014.64,256.0,21.25,234.75,91.7,1.0,1024,low,False,0.0
sub_00136,reactive,P5_top_k_streaming,cpp,66.6,0.0,728.5,42.55,728.5,256.0,6.7,249.3,97.38,1.0,1024,low,False,0.0
sub_00137,reactive,P1_prefix_sums,python,66.97,0.0,347.36,56.88,347.36,256.0,10.52,245.48,95.89,1.0,1024,low,False,0.0
sub_00138,reactive,P1_prefix_sums,python,67.56,0.0,331.78,54.33,331.78,256.0,10.05,245.95,96.07,1.0,1024,low,False,0.0
sub_00139,reactive,P1_prefix_sums,cpp,67.59,0.0,548.25,32.84,548.25,256.0,6.42,249.58,97.49,1.0,1024,low,False,0.0
sub_00140,reactive,P4_game_tree_search,python,68.87,0.0,614.26,316.32,614.26,256.0,10.03,245.97,96.08,1.0,1024,low,False,0.0
sub_00141,reactive,P5_top_k_streaming,java,69.12,0.0,772.74,247.86,772.74,256.0,26.73,229.27,89.56,1.0,1024,low,False,0.0
sub_00142,reactive,P5_top_k_streaming,cpp,69.36,0.0,737.3,43.07,737.3,256.0,6.78,249.22,97.35,1.0,1024,low,False,0.0
sub_00143,reactive,P5_top_k_streaming,c,70.75,0.0,385.76,36.88,385.76,256.0,6.43,249.57,97.49,1.0,1024,low,False,0.0
sub_00144,reactive,P5_top_k_streaming,python,71.07,0.0,369.48,89.63,369.48,256.0,13.59,242.41,94.69,1.0,1024,low,False,0.0
sub_00145,reactive,P2_knapsack_2d_dp,cpp,72.78,0.0,676.77,159.53,676.77,2048.0,209.31,1838.69,89.78,2.0,2048,low,True,490
sub_00146,reactive,P1_prefix_sums,python,73.89,0.0,346.48,56.73,346.48,256.0,10.5,245.5,95.9,1.0,1024,low,False,0.0
sub_00147,reactive,P3_floyd_warshall,cpp,74.29,0.0,622.12,48.31,622.12,256.0,6.76,249.24,97.36,1.0,1024,low,False,0.0
sub_00148,reactive,P4_game_tree_search,cpp,74.42,0.0,581.42,56.5,581.42,256.0,6.5,249.5,97.46,1.0,1024,low,False,0.0
sub_00149,reactive,P2_knapsack_2d_dp,python,75.0,0.0,576.48,262.55,576.48,2048.0,212.54,1835.46,89.62,2.0,2048,low,True,538
sub_00150,reactive,P5_top_k_streaming,python,75.05,0.0,360.57,87.47,360.57,256.0,13.27,242.73,94.82,1.0,1024,low,False,0.0
sub_00151,reactive,P2_knapsack_2d_dp,cpp,75.63,0.0,699.46,165.0,699.46,2048.0,216.48,1831.52,89.43,2.0,2048,low,True,490
sub_00152,reactive,P5_top_k_streaming,cpp,76.15,0.0,717.19,41.89,717.19,256.0,6.59,249.41,97.42,1.0,1024,low,False,0.0
sub_00153,reactive,P5_top_k_streaming,python,76.36,0.0,364.08,88.32,364.08,256.0,13.4,242.6,94.77,1.0,1024,low,False,0.0
sub_00154,reactive,P4_game_tree_search,cpp,76.73,0.0,552.0,53.64,552.0,256.0,6.17,249.83,97.59,1.0,1024,low,False,0.0
sub_00155,reactive,P1_prefix_sums,cpp,77.36,0.0,539.59,32.32,539.59,256.0,6.32,249.68,97.53,1.0,1024,low,False,0.0
sub_00156,reactive,P1_prefix_sums,python,77.4,0.0,337.41,55.25,337.41,256.0,10.22,245.78,96.01,1.0,1024,low,False,0.0
sub_00157,reactive,P5_top_k_streaming,cpp,78.19,0.0,726.07,42.41,726.07,256.0,6.67,249.33,97.39,1.0,1024,low,False,0.0
sub_00158,reactive,P5_top_k_streaming,python,80.2,0.0,376.35,91.3,376.35,256.0,13.85,242.15,94.59,1.0,1024,low,False,0.0
sub_00159,reactive,P1_prefix_sums,cpp,80.23,0.0,567.16,33.97,567.16,256.0,6.64,249.36,97.41,1.0,1024,low,False,0.0
sub_00160,reactive,P3_floyd_warshall,python,80.52,0.0,627.41,344.77,627.41,256.0,10.37,245.63,95.95,1.0,1024,low,False,0.0
sub_00161,reactive,P2_knapsack_2d_dp,cpp,80.59,0.0,676.75,159.53,676.75,2048.0,209.3,1838.7,89.78,2.0,2048,low,True,490
sub_00162,reactive,P2_knapsack_2d_dp,cpp,80.87,0.0,705.42,166.44,705.42,2048.0,218.37,1829.63,89.34,2.0,2048,low,True,490
sub_00163,reactive,P5_top_k_streaming,python,81.15,0.0,373.43,90.59,373.43,256.0,13.74,242.26,94.63,1.0,1024,low,False,0.0
sub_00164,reactive,P3_floyd_warshall,python,81.27,0.0,618.34,339.79,618.34,256.0,10.22,245.78,96.01,1.0,1024,low,False,0.0
sub_00165,reactive,P4_game_tree_search,python,82.26,0.0,612.46,315.39,612.46,256.0,10.0,246.0,96.09,1.0,1024,low,False,0.0
sub_00166,reactive,P2_knapsack_2d_dp,cpp,84.22,0.0,688.03,162.25,688.03,2048.0,212.87,1835.13,89.61,2.0,2048,low,True,490
sub_00167,reactive,P5_top_k_streaming,python,84.52,0.0,362.54,87.95,362.54,256.0,13.34,242.66,94.79,1.0,1024,low,False,0.0
sub_00168,reactive,P1_prefix_sums,python,85.06,0.0,343.0,56.16,343.0,256.0,10.39,245.61,95.94,1.0,1024,low,False,0.0
sub_00169,reactive,P1_prefix_sums,python,85.06,0.0,332.87,54.5,332.87,256.0,10.08,245.92,96.06,1.0,1024,low,False,0.0
sub_00170,reactive,P5_top_k_streaming,cpp,85.23,0.0,739.76,43.21,739.76,256.0,6.8,249.2,97.34,1.0,1024,low,False,0.0
sub_00171,reactive,P5_top_k_streaming,cpp,85.31,0.0,735.15,42.94,735.15,256.0,6.76,249.24,97.36,1.0,1024,low,False,0.0
sub_00172,reactive,P1_prefix_sums,cpp,85.36,0.0,546.1,32.71,546.1,256.0,6.39,249.61,97.5,1.0,1024,low,False,0.0
sub_00173,reactive,P4_game_tree_search,java,86.38,0.0,931.29,165.85,931.29,256.0,19.5,236.5,92.38,1.0,1024,low,False,0.0
sub_00174,reactive,P3_floyd_warshall,cpp,86.51,0.0,648.91,50.39,648.91,256.0,7.05,248.95,97.24,1.0,1024,low,False,0.0
sub_00175,reactive,P5_top_k_streaming,cpp,86.89,0.0,702.04,41.01,702.04,256.0,6.45,249.55,97.48,1.0,1024,low,False,0.0
sub_00176,reactive,P1_prefix_sums,cpp,87.04,0.0,566.57,33.93,566.57,256.0,6.63,249.37,97.41,1.0,1024,low,False,0.0
sub_00177,reactive,P5_top_k_streaming,python,87.1,0.0,376.01,91.22,376.01,256.0,13.83,242.17,94.6,1.0,1024,low,False,0.0
sub_00178,reactive,P5_top_k_streaming,cpp,87.45,0.0,698.2,40.78,698.2,256.0,6.42,249.58,97.49,1.0,1024,low,False,0.0
sub_00179,reactive,P4_game_tree_search,java,87.73,0.0,973.4,173.34,973.4,256.0,20.38,235.62,92.04,1.0,1024,low,False,0.0
sub_00180,reactive,P5_top_k_streaming,python,87.84,0.0,381.46,92.54,381.46,256.0,14.03,241.97,94.52,1.0,1024,low,False,0.0
sub_00181,reactive,P2_knapsack_2d_dp,cpp,87.84,0.0,683.92,161.26,683.92,2048.0,211.57,1836.43,89.67,2.0,2048,low,True,490
sub_00182,reactive,P5_top_k_streaming,cpp,87.93,0.0,735.12,42.94,735.12,256.0,6.76,249.24,97.36,1.0,1024,low,False,0.0
sub_00183,reactive,P4_game_tree_search,java,88.74,0.0,945.55,168.39,945.55,256.0,19.8,236.2,92.27,1.0,1024,low,False,0.0
sub_00184,reactive,P3_floyd_warshall,cpp,89.62,0.0,625.04,48.54,625.04,256.0,6.8,249.2,97.35,1.0,1024,low,False,0.0
sub_00185,reactive,P2_knapsack_2d_dp,python,89.64,0.0,594.65,271.04,594.65,2048.0,219.41,1828.59,89.29,2.0,2048,low,True,538
sub_00186,reactive,P1_prefix_sums,cpp,89.8,0.0,547.23,32.77,547.23,256.0,6.41,249.59,97.5,1.0,1024,low,False,0.0
sub_00187,reactive,P1_prefix_sums,python,90.33,0.0,348.64,57.09,348.64,256.0,10.56,245.44,95.87,1.0,1024,low,False,0.0
sub_00188,reactive,P5_top_k_streaming,python,90.42,0.0,372.55,90.38,372.55,256.0,13.71,242.29,94.65,1.0,1024,low,False,0.0
sub_00189,reactive,P3_floyd_warshall,python,90.46,0.0,632.01,347.3,632.01,256.0,10.45,245.55,95.92,1.0,1024,low,False,0.0
sub_00190,reactive,P5_top_k_streaming,java,90.93,0.0,783.44,251.29,783.44,256.0,27.1,228.9,89.41,1.0,1024,low,False,0.0
sub_00191,reactive,P5_top_k_streaming,cpp,91.56,0.0,730.06,42.65,730.06,256.0,6.71,249.29,97.38,1.0,1024,low,False,0.0
sub_00192,reactive,P5_top_k_streaming,cpp,91.58,0.0,713.95,41.71,713.95,256.0,6.56,249.44,97.44,1.0,1024,low,False,0.0
sub_00193,reactive,P4_game_tree_search,cpp,91.82,0.0,578.36,56.2,578.36,256.0,6.47,249.53,97.47,1.0,1024,low,False,0.0
sub_00194,reactive,P4_game_tree_search,c,91.96,0.0,384.2,50.37,384.2,256.0,6.0,250.0,97.66,1.0,1024,low,False,0.0
sub_00195,reactive,P5_top_k_streaming,cpp,92.05,0.0,720.5,42.09,720.5,256.0,6.62,249.38,97.41,1.0,1024,low,False,0.0
sub_00196,reactive,P1_prefix_sums,java,93.89,0.0,951.12,146.02,951.12,256.0,20.99,235.01,91.8,1.0,1024,low,False,0.0
sub_00197,reactive,P3_floyd_warshall,cpp,94.09,0.0,645.67,50.14,645.67,256.0,7.02,248.98,97.26,1.0,1024,low,False,0.0
sub_00198,reactive,P1_prefix_sums,cpp,94.54,0.0,565.12,33.85,565.12,256.0,6.62,249.38,97.42,1.0,1024,low,False,0.0
sub_00199,reactive,P3_floyd_warshall,cpp,94.87,0.0,643.85,50.0,643.85,256.0,7.0,249.0,97.27,1.0,1024,low,False,0.0
sub_00200,reactive,P1_prefix_sums,cpp,95.3,0.0,559.28,33.5,559.28,256.0,6.55,249.45,97.44,1.0,1024,low,False,0.0
sub_00201,reactive,P1_prefix_sums,python,95.64,0.0,334.68,54.8,334.68,256.0,10.14,245.86,96.04,1.0,1024,low,False,0.0
sub_00202,reactive,P1_prefix_sums,cpp,96.91,0.0,566.73,33.94,566.73,256.0,6.63,249.37,97.41,1.0,1024,low,False,0.0
sub_00203,reactive,P5_top_k_streaming,cpp,97.04,0.0,731.0,42.7,731.0,256.0,6.72,249.28,97.37,1.0,1024,low,False,0.0
sub_00204,reactive,P5_top_k_streaming,cpp,97.09,0.0,715.96,41.82,715.96,256.0,6.58,249.42,97.43,1.0,1024,low,False,0.0
sub_00205,reactive,P1_prefix_sums,cpp,97.56,0.0,560.76,33.58,560.76,256.0,6.56,249.44,97.44,1.0,1024,low,False,0.0
sub_00206,reactive,P2_knapsack_2d_dp,java,97.62,0.0,1091.85,305.43,1091.85,2048.0,227.45,1820.55,88.89,2.0,2048,low,True,580
sub_00207,reactive,P1_prefix_sums,cpp,97.77,0.0,535.19,32.05,535.19,256.0,6.26,249.74,97.55,1.0,1024,low,False,0.0
sub_00208,reactive,P1_prefix_sums,cpp,97.79,0.0,540.73,32.39,540.73,256.0,6.33,249.67,97.53,1.0,1024,low,False,0.0
sub_00209,reactive,P5_top_k_streaming,java,97.87,0.0,796.83,255.59,796.83,256.0,27.56,228.44,89.23,1.0,1024,low,False,0.0
sub_00210,reactive,P3_floyd_warshall,java,98.24,0.0,1013.62,159.24,1013.62,256.0,21.23,234.77,91.71,1.0,1024,low,False,0.0
sub_00211,reactive,P1_prefix_sums,c,98.29,0.0,353.46,34.08,353.46,256.0,5.8,250.2,97.73,1.0,1024,low,False,0.0
sub_00212,reactive,P2_knapsack_2d_dp,cpp,98.89,0.0,667.17,157.22,667.17,2048.0,206.27,1841.73,89.93,2.0,2048,low,True,490
sub_00213,reactive,P1_prefix_sums,python,98.99,0.0,351.31,57.52,351.31,256.0,10.64,245.36,95.84,1.0,1024,low,False,0.0
sub_00214,reactive,P2_knapsack_2d_dp,cpp,99.28,0.0,670.97,158.14,670.97,2048.0,207.47,1840.53,89.87,2.0,2048,low,True,490
sub_00215,reactive,P5_top_k_streaming,cpp,100.72,0.0,717.54,41.91,717.54,256.0,6.6,249.4,97.42,1.0,1024,low,False,0.0
sub_00216,reactive,P1_prefix_sums,cpp,100.74,0.0,538.29,32.24,538.29,256.0,6.3,249.7,97.54,1.0,1024,low,False,0.0
sub_00217,reactive,P1_prefix_sums,java,100.76,0.0,969.73,148.88,969.73,256.0,21.4,234.6,91.64,1.0,1024,low,False,0.0
sub_00218,reactive,P3_floyd_warshall,java,101.33,0.0,1010.22,158.71,1010.22,256.0,21.16,234.84,91.73,1.0,1024,low,False,0.0
sub_00219,reactive,P3_floyd_warshall,cpp,101.7,0.0,634.88,49.3,634.88,256.0,6.9,249.1,97.3,1.0,1024,low,False,0.0
sub_00220,reactive,P2_knapsack_2d_dp,cpp,103.0,0.0,695.66,164.09,695.66,2048.0,215.28,1832.72,89.49,2.0,2048,low,True,490
sub_00221,reactive,P5_top_k_streaming,cpp,103.21,0.0,715.12,41.77,715.12,256.0,6.57,249.43,97.43,1.0,1024,low,False,0.0
sub_00222,reactive,P2_knapsack_2d_dp,python,103.67,0.0,574.06,261.42,574.06,2048.0,211.62,1836.38,89.67,2.0,2048,low,True,538
sub_00223,reactive,P1_prefix_sums,cpp,103.89,0.0,554.22,33.19,554.22,256.0,6.49,249.51,97.47,1.0,1024,low,False,0.0
sub_00224,reactive,P5_top_k_streaming,cpp,104.64,0.0,730.26,42.66,730.26,256.0,6.71,249.29,97.38,1.0,1024,low,False,0.0
sub_00225,reactive,P1_prefix_sums,cpp,105.16,0.0,563.59,33.75,563.59,256.0,6.6,249.4,97.42,1.0,1024,low,False,0.0
sub_00226,reactive,P1_prefix_sums,java,105.56,0.0,977.09,150.01,977.09,256.0,21.57,234.43,91.58,1.0,1024,low,False,0.0
sub_00227,reactive,P1_prefix_sums,java,106.37,0.0,928.53,142.55,928.53,256.0,20.49,235.51,91.99,1.0,1024,low,False,0.0
sub_00228,reactive,P1_prefix_sums,cpp,107.03,0.0,546.61,32.74,546.61,256.0,6.4,249.6,97.5,1.0,1024,low,False,0.0
sub_00229,reactive,P5_top_k_streaming,java,107.6,0.0,772.93,247.92,772.93,256.0,26.74,229.26,89.56,1.0,1024,low,False,0.0
sub_00230,reactive,P5_top_k_streaming,cpp,108.43,0.0,700.45,40.92,700.45,256.0,6.44,249.56,97.48,1.0,1024,low,False,0.0
sub_00231,reactive,P5_top_k_streaming,java,108.45,0.0,807.14,258.89,807.14,256.0,27.92,228.08,89.09,1.0,1024,low,False,0.0
sub_00232,reactive,P1_prefix_sums,java,108.71,0.0,934.31,143.44,934.31,256.0,20.62,235.38,91.94,1.0,1024,low,False,0.0
sub_00233,reactive,P1_prefix_sums,cpp,108.95,0.0,566.6,33.93,566.6,256.0,6.63,249.37,97.41,1.0,1024,low,False,0.0
sub_00234,reactive,P1_prefix_sums,python,108.97,0.0,348.95,57.14,348.95,256.0,10.57,245.43,95.87,1.0,1024,low,False,0.0
sub_00235,reactive,P1_prefix_sums,cpp,109.01,0.0,556.62,33.34,556.62,256.0,6.52,249.48,97.45,1.0,1024,low,False,0.0
sub_00236,reactive,P5_top_k_streaming,cpp,109.11,0.0,700.31,40.91,700.31,256.0,6.44,249.56,97.49,1.0,1024,low,False,0.0
sub_00237,reactive,P1_prefix_sums,cpp,109.78,0.0,548.89,32.87,548.89,256.0,6.43,249.57,97.49,1.0,1024,low,False,0.0
sub_00238,reactive,P5_top_k_streaming,cpp,109.94,0.0,713.0,41.65,713.0,256.0,6.55,249.45,97.44,1.0,1024,low,False,0.0
sub_00239,reactive,P2_knapsack_2d_dp,java,110.17,0.0,1147.86,321.32,1147.86,2048.0,239.28,1808.72,88.32,2.0,2048,low,True,580
sub_00240,reactive,P5_top_k_streaming,python,110.86,0.0,368.77,89.46,368.77,256.0,13.57,242.43,94.7,1.0,1024,low,False,0.0
sub_00241,reactive,P1_prefix_sums,cpp,111.57,0.0,552.19,33.07,552.19,256.0,6.46,249.54,97.48,1.0,1024,low,False,0.0
sub_00242,reactive,P1_prefix_sums,java,111.72,0.0,953.1,146.32,953.1,256.0,21.04,234.96,91.78,1.0,1024,low,False,0.0
sub_00243,reactive,P1_prefix_sums,cpp,111.75,0.0,558.44,33.45,558.44,256.0,6.54,249.46,97.45,1.0,1024,low,False,0.0
sub_00244,reactive,P1_prefix_sums,python,112.11,0.0,343.12,56.18,343.12,256.0,10.39,245.61,95.94,1.0,1024,low,False,0.0
sub_00245,reactive,P1_prefix_sums,cpp,112.22,0.0,559.93,33.53,559.93,256.0,6.55,249.45,97.44,1.0,1024,low,False,0.0
sub_00246,reactive,P1_prefix_sums,cpp,113.73,0.0,563.79,33.77,563.79,256.0,6.6,249.4,97.42,1.0,1024,low,False,0.0
sub_00247,reactive,P4_game_tree_search,python,114.04,0.0,611.78,315.03,611.78,256.0,9.99,246.01,96.1,1.0,1024,low,False,0.0
sub_00248,reactive,P5_top_k_streaming,cpp,114.7,0.0,728.8,42.57,728.8,256.0,6.7,249.3,97.38,1.0,1024,low,False,0.0
sub_00249,reactive,P1_prefix_sums,python,115.08,0.0,340.13,55.69,340.13,256.0,10.3,245.7,95.98,1.0,1024,low,False,0.0
sub_00250,reactive,P2_knapsack_2d_dp,cpp,115.12,0.0,666.92,157.16,666.92,2048.0,206.19,1841.81,89.93,2.0,2048,low,True,490
sub_00001,hybrid,P2_knapsack_2d_dp,cpp,0.03,0.0,687.29,165.69,687.29,2048.0,217.38,1830.62,89.39,2.0,2048,high,False,0.0
sub_00002,hybrid,P1_prefix_sums,cpp,0.24,0.0,552.49,33.09,552.49,256.0,6.47,249.53,97.47,1.0,1024,low,False,0.0
sub_00003,hybrid,P5_top_k_streaming,cpp,2.2,0.0,731.39,42.72,731.39,256.0,6.72,249.28,97.37,1.0,1024,low,False,0.0
sub_00004,hybrid,P3_floyd_warshall,cpp,4.2,0.0,621.13,48.23,621.13,256.0,6.75,249.25,97.36,1.0,1024,low,False,0.0
sub_00005,hybrid,P4_game_tree_search,python,4.53,0.0,599.36,308.64,599.36,256.0,9.79,246.21,96.18,1.0,1024,low,False,0.0
sub_00006,hybrid,P1_prefix_sums,cpp,4.68,0.0,563.87,33.77,563.87,256.0,6.6,249.4,97.42,1.0,1024,low,False,0.0
sub_00007,hybrid,P1_prefix_sums,cpp,4.84,0.0,565.11,33.85,565.11,256.0,6.62,249.38,97.42,1.0,1024,low,False,0.0
sub_00008,hybrid,P4_game_tree_search,cpp,5.68,0.0,568.74,55.27,568.74,256.0,6.36,249.64,97.52,1.0,1024,low,False,0.0
sub_00009,hybrid,P1_prefix_sums,cpp,5.73,0.0,560.07,33.54,560.07,256.0,6.56,249.44,97.44,1.0,1024,low,False,0.0
sub_00010,hybrid,P1_prefix_sums,java,6.47,0.0,956.28,146.81,956.28,256.0,21.11,234.89,91.76,1.0,1024,low,False,0.0
sub_00011,hybrid,P1_prefix_sums,cpp,7.09,0.0,562.5,33.69,562.5,256.0,6.58,249.42,97.43,1.0,1024,low,False,0.0
sub_00012,hybrid,P4_game_tree_search,java,7.18,0.0,921.5,164.1,921.5,256.0,19.29,236.71,92.46,1.0,1024,low,False,0.0
sub_00013,hybrid,P4_game_tree_search,python,7.31,0.0,605.73,311.92,605.73,256.0,9.89,246.11,96.14,1.0,1024,low,False,0.0
sub_00014,hybrid,P5_top_k_streaming,python,8.51,0.0,363.89,88.28,363.89,256.0,13.39,242.61,94.77,1.0,1024,low,False,0.0
sub_00015,hybrid,P2_knapsack_2d_dp,cpp,9.13,0.0,690.78,166.53,690.78,2048.0,218.48,1829.52,89.33,2.0,2048,high,False,0.0
sub_00016,hybrid,P1_prefix_sums,python,9.19,0.0,351.1,57.49,351.1,256.0,10.64,245.36,95.85,1.0,1024,low,False,0.0
sub_00017,hybrid,P1_prefix_sums,java,9.36,0.0,971.02,149.07,971.02,256.0,21.43,234.57,91.63,1.0,1024,low,False,0.0
sub_00018,hybrid,P5_top_k_streaming,cpp,10.76,0.0,697.81,40.76,697.81,256.0,6.42,249.58,97.49,1.0,1024,low,False,0.0
sub_00019,hybrid,P4_game_tree_search,cpp,11.55,0.0,569.46,55.34,569.46,256.0,6.37,249.63,97.51,1.0,1024,low,False,0.0
sub_00020,hybrid,P5_top_k_streaming,cpp,12.3,0.0,722.12,42.18,722.12,256.0,6.64,249.36,97.41,1.0,1024,low,False,0.0
sub_00021,hybrid,P1_prefix_sums,cpp,12.73,0.0,551.26,33.02,551.26,256.0,6.45,249.55,97.48,1.0,1024,low,False,0.0
sub_00022,hybrid,P5_top_k_streaming,python,12.95,0.0,376.06,91.23,376.06,256.0,13.84,242.16,94.6,1.0,1024,low,False,0.0
sub_00023,hybrid,P1_prefix_sums,java,13.22,0.0,971.94,149.22,971.94,256.0,21.45,234.55,91.62,1.0,1024,low,False,0.0
sub_00024,hybrid,P1_prefix_sums,cpp,14.44,0.0,546.49,32.73,546.49,256.0,6.4,249.6,97.5,1.0,1024,low,False,0.0
sub_00025,hybrid,P1_prefix_sums,cpp,16.32,0.0,550.07,32.94,550.07,256.0,6.44,249.56,97.48,1.0,1024,low,False,0.0
sub_00026,hybrid,P2_knapsack_2d_dp,python,16.77,0.0,563.52,263.5,563.52,2048.0,213.31,1834.69,89.58,2.0,2048,high,False,0.0
sub_00027,hybrid,P5_top_k_streaming,cpp,16.85,0.0,701.95,41.0,701.95,256.0,6.45,249.55,97.48,1.0,1024,low,False,0.0
sub_00028,hybrid,P2_knapsack_2d_dp,cpp,16.87,0.0,666.75,160.73,666.75,2048.0,210.88,1837.12,89.7,2.0,2048,high,False,0.0
sub_00029,hybrid,P3_floyd_warshall,cpp,17.46,0.0,649.34,50.42,649.34,256.0,7.06,248.94,97.24,1.0,1024,low,False,0.0
sub_00030,hybrid,P4_game_tree_search,cpp,17.59,0.0,575.8,55.95,575.8,256.0,6.44,249.56,97.48,1.0,1024,low,False,0.0
sub_00031,hybrid,P5_top_k_streaming,java,17.96,0.0,779.23,249.94,779.23,256.0,26.95,229.05,89.47,1.0,1024,low,False,0.0
sub_00032,hybrid,P5_top_k_streaming,java,18.77,0.0,780.27,250.28,780.27,256.0,26.99,229.01,89.46,1.0,1024,low,False,0.0
sub_00033,hybrid,P4_game_tree_search,java,19.32,0.0,937.51,166.95,937.51,256.0,19.63,236.37,92.33,1.0,1024,low,False,0.0
sub_00034,hybrid,P4_game_tree_search,cpp,19.34,0.0,549.34,53.38,549.34,256.0,6.14,249.86,97.6,1.0,1024,low,False,0.0
sub_00035,hybrid,P2_knapsack_2d_dp,cpp,19.57,0.0,673.66,162.4,673.66,2048.0,213.07,1834.93,89.6,2.0,2048,high,False,0.0
sub_00036,hybrid,P4_game_tree_search,java,20.79,0.0,975.16,173.66,975.16,256.0,20.42,235.58,92.02,1.0,1024,low,False,0.0
sub_00037,hybrid,P3_floyd_warshall,java,21.33,0.0,1002.61,157.51,1002.61,256.0,21.0,235.0,91.8,1.0,1024,low,False,0.0
sub_00038,hybrid,P1_prefix_sums,cpp,21.41,0.0,537.59,32.2,537.59,256.0,6.29,249.71,97.54,1.0,1024,low,False,0.0
sub_00039,hybrid,P1_prefix_sums,java,21.98,0.0,956.19,146.8,956.19,256.0,21.1,234.9,91.76,1.0,1024,low,False,0.0
sub_00040,hybrid,P1_prefix_sums,java,22.76,0.0,930.38,142.83,930.38,256.0,20.53,235.47,91.98,1.0,1024,low,False,0.0
sub_00041,hybrid,P5_top_k_streaming,cpp,23.11,0.0,728.65,42.56,728.65,256.0,6.7,249.3,97.38,1.0,1024,low,False,0.0
sub_00042,hybrid,P1_prefix_sums,java,23.16,0.0,928.65,142.57,928.65,256.0,20.5,235.5,91.99,1.0,1024,low,False,0.0
sub_00043,hybrid,P1_prefix_sums,cpp,23.6,0.0,550.71,32.98,550.71,256.0,6.45,249.55,97.48,1.0,1024,low,False,0.0
sub_00044,hybrid,P5_top_k_streaming,c,24.59,0.0,385.58,36.86,385.58,256.0,6.43,249.57,97.49,1.0,1024,low,False,0.0
sub_00045,hybrid,P2_knapsack_2d_dp,cpp,24.74,0.0,661.58,159.49,661.58,2048.0,209.24,1838.76,89.78,2.0,2048,high,False,0.0
sub_00046,hybrid,P1_prefix_sums,python,25.73,0.0,335.5,54.93,335.5,256.0,10.16,245.84,96.03,1.0,1024,low,False,0.0
sub_00047,hybrid,P3_floyd_warshall,python,26.14,0.0,620.43,340.94,620.43,256.0,10.26,245.74,95.99,1.0,1024,low,False,0.0
sub_00048,hybrid,P1_prefix_sums,cpp,26.6,0.0,554.75,33.22,554.75,256.0,6.49,249.51,97.46,1.0,1024,low,False,0.0
sub_00049,hybrid,P2_knapsack_2d_dp,python,26.72,0.0,556.7,260.31,556.7,2048.0,210.73,1837.27,89.71,2.0,2048,high,False,0.0
sub_00050,hybrid,P3_floyd_warshall,c,27.51,0.0,396.8,41.93,396.8,256.0,6.7,249.3,97.38,1.0,1024,low,False,0.0
sub_00051,hybrid,P1_prefix_sums,python,27.57,0.0,348.02,56.99,348.02,256.0,10.54,245.46,95.88,1.0,1024,low,False,0.0
sub_00052,hybrid,P1_prefix_sums,python,27.77,0.0,336.86,55.16,336.86,256.0,10.2,245.8,96.01,1.0,1024,low,False,0.0
sub_00053,hybrid,P1_prefix_sums,python,27.85,0.0,339.53,55.6,339.53,256.0,10.29,245.71,95.98,1.0,1024,low,False,0.0
sub_00054,hybrid,P2_knapsack_2d_dp,cpp,28.54,0.0,665.72,160.49,665.72,2048.0,210.55,1837.45,89.72,2.0,2048,high,False,0.0
sub_00055,hybrid,P5_top_k_streaming,cpp,29.09,0.0,740.01,43.23,740.01,256.0,6.8,249.2,97.34,1.0,1024,low,False,0.0
sub_00056,hybrid,P2_knapsack_2d_dp,cpp,30.22,0.0,668.9,161.25,668.9,2048.0,211.56,1836.44,89.67,2.0,2048,high,False,0.0
sub_00057,hybrid,P5_top_k_streaming,cpp,30.44,0.0,708.98,41.41,708.98,256.0,6.52,249.48,97.45,1.0,1024,low,False,0.0
sub_00058,hybrid,P1_prefix_sums,c,30.67,0.0,373.09,35.97,373.09,256.0,6.13,249.87,97.61,1.0,1024,low,False,0.0
sub_00059,hybrid,P5_top_k_streaming,cpp,30.7,0.0,705.73,41.23,705.73,256.0,6.49,249.51,97.47,1.0,1024,low,False,0.0
sub_00060,hybrid,P1_prefix_sums,cpp,31.62,0.0,538.4,32.25,538.4,256.0,6.3,249.7,97.54,1.0,1024,low,False,0.0
sub_00061,hybrid,P5_top_k_streaming,cpp,31.63,0.0,732.59,42.79,732.59,256.0,6.73,249.27,97.37,1.0,1024,low,False,0.0
sub_00062,hybrid,P1_prefix_sums,cpp,32.46,0.0,560.64,33.58,560.64,256.0,6.56,249.44,97.44,1.0,1024,low,False,0.0
sub_00063,hybrid,P2_knapsack_2d_dp,python,32.5,0.0,574.57,268.67,574.57,2048.0,217.49,1830.51,89.38,2.0,2048,high,False,0.0
sub_00064,hybrid,P1_prefix_sums,c,33.35,0.0,356.86,34.41,356.86,256.0,5.86,250.14,97.71,1.0,1024,low,False,0.0
sub_00065,hybrid,P5_top_k_streaming,cpp,33.96,0.0,727.36,42.49,727.36,256.0,6.69,249.31,97.39,1.0,1024,low,False,0.0
sub_00066,hybrid,P3_floyd_warshall,python,33.98,0.0,633.73,348.25,633.73,256.0,10.48,245.52,95.91,1.0,1024,low,False,0.0
sub_00067,hybrid,P1_prefix_sums,python,34.45,0.0,332.93,54.52,332.93,256.0,10.09,245.91,96.06,1.0,1024,low,False,0.0
sub_00068,hybrid,P5_top_k_streaming,python,34.53,0.0,381.49,92.55,381.49,256.0,14.04,241.96,94.52,1.0,1024,low,False,0.0
sub_00069,hybrid,P1_prefix_sums,cpp,35.4,0.0,563.12,33.73,563.12,256.0,6.59,249.41,97.43,1.0,1024,low,False,0.0
sub_00070,hybrid,P3_floyd_warshall,c,35.5,0.0,387.49,40.95,387.49,256.0,6.54,249.46,97.44,1.0,1024,low,False,0.0
sub_00071,hybrid,P4_game_tree_search,java,36.19,0.0,950.56,169.28,950.56,256.0,19.9,236.1,92.23,1.0,1024,low,False,0.0
sub_00072,hybrid,P1_prefix_sums,cpp,36.8,0.0,540.98,32.4,540.98,256.0,6.33,249.67,97.53,1.0,1024,low,False,0.0
sub_00073,hybrid,P1_prefix_sums,python,37.49,0.0,339.21,55.54,339.21,256.0,10.28,245.72,95.99,1.0,1024,low,False,0.0
sub_00074,hybrid,P1_prefix_sums,c,38.82,0.0,366.4,35.33,366.4,256.0,6.02,249.98,97.65,1.0,1024,low,False,0.0
sub_00075,hybrid,P4_game_tree_search,python,39.35,0.0,584.16,300.81,584.16,256.0,9.54,246.46,96.27,1.0,1024,low,False,0.0
sub_00076,hybrid,P1_prefix_sums,python,40.59,0.0,336.81,55.15,336.81,256.0,10.2,245.8,96.01,1.0,1024,low,False,0.0
sub_00077,hybrid,P2_knapsack_2d_dp,python,40.61,0.0,557.21,260.55,557.21,2048.0,210.92,1837.08,89.7,2.0,2048,high,False,0.0
sub_00078,hybrid,P2_knapsack_2d_dp,java,40.92,0.0,1068.91,303.18,1068.91,2048.0,225.77,1822.23,88.98,2.0,2048,high,False,0.0
sub_00079,hybrid,P1_prefix_sums,cpp,41.05,0.0,551.26,33.02,551.26,256.0,6.45,249.55,97.48,1.0,1024,low,False,0.0
sub_00080,hybrid,P1_prefix_sums,python,41.78,0.0,338.12,55.36,338.12,256.0,10.24,245.76,96.0,1.0,1024,low,False,0.0
sub_00081,hybrid,P1_prefix_sums,cpp,42.4,0.0,537.48,32.19,537.48,256.0,6.29,249.71,97.54,1.0,1024,low,False,0.0
sub_00082,hybrid,P2_knapsack_2d_dp,cpp,42.69,0.0,684.84,165.1,684.84,2048.0,216.6,1831.4,89.42,2.0,2048,high,False,0.0
sub_00083,hybrid,P1_prefix_sums,cpp,44.06,0.0,567.29,33.98,567.29,256.0,6.64,249.36,97.41,1.0,1024,low,False,0.0
sub_00084,hybrid,P1_prefix_sums,cpp,44.83,0.0,557.3,33.38,557.3,256.0,6.52,249.48,97.45,1.0,1024,low,False,0.0
sub_00085,hybrid,P5_top_k_streaming,cpp,44.96,0.0,738.17,43.12,738.17,256.0,6.79,249.21,97.35,1.0,1024,low,False,0.0
sub_00086,hybrid,P4_game_tree_search,java,45.03,0.0,931.31,165.85,931.31,256.0,19.5,236.5,92.38,1.0,1024,low,False,0.0
sub_00087,hybrid,P4_game_tree_search,cpp,45.86,0.0,574.14,55.79,574.14,256.0,6.42,249.58,97.49,1.0,1024,low,False,0.0
sub_00088,hybrid,P2_knapsack_2d_dp,cpp,45.89,0.0,673.61,162.39,673.61,2048.0,213.05,1834.95,89.6,2.0,2048,high,False,0.0
sub_00089,hybrid,P2_knapsack_2d_dp,cpp,46.24,0.0,654.33,157.74,654.33,2048.0,206.95,1841.05,89.89,2.0,2048,high,False,0.0
sub_00090,hybrid,P1_prefix_sums,cpp,46.46,0.0,548.46,32.85,548.46,256.0,6.42,249.58,97.49,1.0,1024,low,False,0.0
sub_00091,hybrid,P3_floyd_warshall,java,47.16,0.0,1005.05,157.89,1005.05,256.0,21.05,234.95,91.78,1.0,1024,low,False,0.0
sub_00092,hybrid,P1_prefix_sums,cpp,47.35,0.0,537.37,32.18,537.37,256.0,6.29,249.71,97.54,1.0,1024,low,False,0.0
sub_00093,hybrid,P5_top_k_streaming,python,48.3,0.0,371.79,90.19,371.79,256.0,13.68,242.32,94.66,1.0,1024,low,False,0.0
sub_00094,hybrid,P5_top_k_streaming,python,48.41,0.0,362.79,88.01,362.79,256.0,13.35,242.65,94.79,1.0,1024,low,False,0.0
sub_00095,hybrid,P1_prefix_sums,cpp,48.42,0.0,566.04,33.9,566.04,256.0,6.63,249.37,97.41,1.0,1024,low,False,0.0
sub_00096,hybrid,P4_game_tree_search,cpp,48.84,0.0,566.94,55.09,566.94,256.0,6.34,249.66,97.52,1.0,1024,low,False,0.0
sub_00097,hybrid,P1_prefix_sums,java,49.08,0.0,925.76,142.13,925.76,256.0,20.43,235.57,92.02,1.0,1024,low,False,0.0
sub_00098,hybrid,P5_top_k_streaming,cpp,49.43,0.0,714.18,41.72,714.18,256.0,6.57,249.43,97.44,1.0,1024,low,False,0.0
sub_00099,hybrid,P5_top_k_streaming,cpp,49.53,0.0,718.78,41.99,718.78,256.0,6.61,249.39,97.42,1.0,1024,low,False,0.0
sub_00100,hybrid,P5_top_k_streaming,cpp,50.94,0.0,727.76,42.51,727.76,256.0,6.69,249.31,97.39,1.0,1024,low,False,0.0
sub_00101,hybrid,P3_floyd_warshall,python,52.65,0.0,628.62,345.44,628.62,256.0,10.39,245.61,95.94,1.0,1024,low,False,0.0
sub_00102,hybrid,P3_floyd_warshall,cpp,52.88,0.0,623.13,48.39,623.13,256.0,6.77,249.23,97.35,1.0,1024,low,False,0.0
sub_00103,hybrid,P4_game_tree_search,python,53.08,0.0,617.01,317.73,617.01,256.0,10.08,245.92,96.06,1.0,1024,low,False,0.0
sub_00104,hybrid,P4_game_tree_search,cpp,53.39,0.0,564.22,54.83,564.22,256.0,6.31,249.69,97.54,1.0,1024,low,False,0.0
sub_00105,hybrid,P2_knapsack_2d_dp,cpp,53.92,0.0,687.81,165.81,687.81,2048.0,217.54,1830.46,89.38,2.0,2048,high,False,0.0
sub_00106,hybrid,P4_game_tree_search,python,54.42,0.0,590.33,303.99,590.33,256.0,9.64,246.36,96.23,1.0,1024,low,False,0.0
sub_00107,hybrid,P5_top_k_streaming,java,54.62,0.0,781.62,250.71,781.62,256.0,27.04,228.96,89.44,1.0,1024,low,False,0.0
sub_00108,hybrid,P3_floyd_warshall,python,54.95,0.0,622.3,341.97,622.3,256.0,10.29,245.71,95.98,1.0,1024,low,False,0.0
sub_00109,hybrid,P2_knapsack_2d_dp,cpp,55.03,0.0,684.93,165.12,684.93,2048.0,216.63,1831.37,89.42,2.0,2048,high,False,0.0
sub_00110,hybrid,P1_prefix_sums,cpp,55.32,0.0,564.64,33.82,564.64,256.0,6.61,249.39,97.42,1.0,1024,low,False,0.0
sub_00111,hybrid,P1_prefix_sums,cpp,55.69,0.0,534.53,32.01,534.53,256.0,6.26,249.74,97.56,1.0,1024,low,False,0.0
sub_00112,hybrid,P1_prefix_sums,cpp,55.7,0.0,548.53,32.85,548.53,256.0,6.42,249.58,97.49,1.0,1024,low,False,0.0
sub_00113,hybrid,P1_prefix_sums,java,57.41,0.0,964.88,148.13,964.88,256.0,21.3,234.7,91.68,1.0,1024,low,False,0.0
sub_00114,hybrid,P5_top_k_streaming,python,57.57,0.0,364.31,88.38,364.31,256.0,13.4,242.6,94.76,1.0,1024,low,False,0.0
sub_00115,hybrid,P2_knapsack_2d_dp,python,58.02,0.0,587.71,274.81,587.71,2048.0,222.47,1825.53,89.14,2.0,2048,high,False,0.0
sub_00116,hybrid,P5_top_k_streaming,java,58.54,0.0,779.48,250.02,779.48,256.0,26.96,229.04,89.47,1.0,1024,low,False,0.0
sub_00117,hybrid,P1_prefix_sums,c,59.45,0.0,364.14,35.11,364.14,256.0,5.98,250.02,97.66,1.0,1024,low,False,0.0
sub_00118,hybrid,P1_prefix_sums,cpp,59.61,0.0,542.34,32.48,542.34,256.0,6.35,249.65,97.52,1.0,1024,low,False,0.0
sub_00119,hybrid,P5_top_k_streaming,cpp,59.9,0.0,714.17,41.72,714.17,256.0,6.57,249.43,97.44,1.0,1024,low,False,0.0
sub_00120,hybrid,P1_prefix_sums,cpp,60.34,0.0,559.19,33.49,559.19,256.0,6.55,249.45,97.44,1.0,1024,low,False,0.0
sub_00121,hybrid,P1_prefix_sums,cpp,60.54,0.0,565.48,33.87,565.48,256.0,6.62,249.38,97.41,1.0,1024,low,False,0.0
sub_00122,hybrid,P2_knapsack_2d_dp,java,61.11,0.0,1119.17,317.44,1119.17,2048.0,236.39,1811.61,88.46,2.0,2048,high,False,0.0
sub_00123,hybrid,P1_prefix_sums,cpp,61.36,0.0,565.27,33.85,565.27,256.0,6.62,249.38,97.42,1.0,1024,low,False,0.0
sub_00124,hybrid,P3_floyd_warshall,python,61.41,0.0,612.83,336.77,612.83,256.0,10.13,245.87,96.04,1.0,1024,low,False,0.0
sub_00125,hybrid,P2_knapsack_2d_dp,cpp,62.86,0.0,663.31,159.91,663.31,2048.0,209.79,1838.21,89.76,2.0,2048,high,False,0.0
sub_00126,hybrid,P1_prefix_sums,java,62.89,0.0,944.49,145.0,944.49,256.0,20.85,235.15,91.86,1.0,1024,low,False,0.0
sub_00127,hybrid,P3_floyd_warshall,java,63.79,0.0,1008.77,158.48,1008.77,256.0,21.13,234.87,91.75,1.0,1024,low,False,0.0
sub_00128,hybrid,P5_top_k_streaming,cpp,63.93,0.0,706.48,41.27,706.48,256.0,6.49,249.51,97.46,1.0,1024,low,False,0.0
sub_00129,hybrid,P4_game_tree_search,cpp,64.57,0.0,566.61,55.06,566.61,256.0,6.34,249.66,97.52,1.0,1024,low,False,0.0
sub_00130,hybrid,P5_top_k_streaming,cpp,64.84,0.0,707.42,41.32,707.42,256.0,6.5,249.5,97.46,1.0,1024,low,False,0.0
sub_00131,hybrid,P3_floyd_warshall,python,64.99,0.0,617.95,339.58,617.95,256.0,10.22,245.78,96.01,1.0,1024,low,False,0.0
sub_00132,hybrid,P1_prefix_sums,java,65.15,0.0,947.25,145.42,947.25,256.0,20.91,235.09,91.83,1.0,1024,low,False,0.0
sub_00133,hybrid,P1_prefix_sums,cpp,65.56,0.0,548.48,32.85,548.48,256.0,6.42,249.58,97.49,1.0,1024,low,False,0.0
sub_00134,hybrid,P3_floyd_warshall,cpp,65.63,0.0,616.14,47.85,616.14,256.0,6.7,249.3,97.38,1.0,1024,low,False,0.0
sub_00135,hybrid,P3_floyd_warshall,java,65.89,0.0,980.29,154.0,980.29,256.0,20.53,235.47,91.98,1.0,1024,low,False,0.0
sub_00136,hybrid,P5_top_k_streaming,cpp,66.6,0.0,724.32,42.31,724.32,256.0,6.66,249.34,97.4,1.0,1024,low,False,0.0
sub_00137,hybrid,P1_prefix_sums,python,66.97,0.0,339.15,55.53,339.15,256.0,10.27,245.73,95.99,1.0,1024,low,False,0.0
sub_00138,hybrid,P1_prefix_sums,python,67.56,0.0,342.52,56.09,342.52,256.0,10.38,245.62,95.95,1.0,1024,low,False,0.0
sub_00139,hybrid,P1_prefix_sums,cpp,67.59,0.0,549.08,32.88,549.08,256.0,6.43,249.57,97.49,1.0,1024,low,False,0.0
sub_00140,hybrid,P4_game_tree_search,python,68.87,0.0,600.59,309.27,600.59,256.0,9.81,246.19,96.17,1.0,1024,low,False,0.0
sub_00141,hybrid,P5_top_k_streaming,java,69.12,0.0,796.1,255.35,796.1,256.0,27.54,228.46,89.24,1.0,1024,low,False,0.0
sub_00142,hybrid,P5_top_k_streaming,cpp,69.36,0.0,739.35,43.19,739.35,256.0,6.8,249.2,97.34,1.0,1024,low,False,0.0
sub_00143,hybrid,P5_top_k_streaming,c,70.75,0.0,389.19,37.21,389.19,256.0,6.49,249.51,97.47,1.0,1024,low,False,0.0
sub_00144,hybrid,P5_top_k_streaming,python,71.07,0.0,373.91,90.7,373.91,256.0,13.76,242.24,94.63,1.0,1024,low,False,0.0
sub_00145,hybrid,P2_knapsack_2d_dp,cpp,72.78,0.0,664.05,160.08,664.05,2048.0,210.03,1837.97,89.74,2.0,2048,high,False,0.0
sub_00146,hybrid,P1_prefix_sums,python,73.89,0.0,335.99,55.02,335.99,256.0,10.18,245.82,96.02,1.0,1024,low,False,0.0
sub_00147,hybrid,P3_floyd_warshall,cpp,74.29,0.0,615.41,47.79,615.41,256.0,6.69,249.31,97.39,1.0,1024,low,False,0.0
sub_00148,hybrid,P4_game_tree_search,cpp,74.42,0.0,554.66,53.9,554.66,256.0,6.2,249.8,97.58,1.0,1024,low,False,0.0
sub_00149,hybrid,P2_knapsack_2d_dp,python,75.0,0.0,563.32,263.41,563.32,2048.0,213.23,1834.77,89.59,2.0,2048,high,False,0.0
sub_00150,hybrid,P5_top_k_streaming,python,75.05,0.0,374.89,90.94,374.89,256.0,13.79,242.21,94.61,1.0,1024,low,False,0.0
sub_00151,hybrid,P2_knapsack_2d_dp,cpp,75.63,0.0,667.18,160.84,667.18,2048.0,211.02,1836.98,89.7,2.0,2048,high,False,0.0
sub_00152,hybrid,P5_top_k_streaming,cpp,76.15,0.0,721.23,42.13,721.23,256.0,6.63,249.37,97.41,1.0,1024,low,False,0.0
sub_00153,hybrid,P5_top_k_streaming,python,76.36,0.0,360.33,87.41,360.33,256.0,13.26,242.74,94.82,1.0,1024,low,False,0.0
sub_00154,hybrid,P4_game_tree_search,cpp,76.73,0.0,569.99,55.39,569.99,256.0,6.37,249.63,97.51,1.0,1024,low,False,0.0
sub_00155,hybrid,P1_prefix_sums,cpp,77.36,0.0,556.96,33.36,556.96,256.0,6.52,249.48,97.45,1.0,1024,low,False,0.0
sub_00156,hybrid,P1_prefix_sums,python,77.4,0.0,339.86,55.65,339.86,256.0,10.3,245.7,95.98,1.0,1024,low,False,0.0
sub_00157,hybrid,P5_top_k_streaming,cpp,78.19,0.0,705.23,41.2,705.23,256.0,6.48,249.52,97.47,1.0,1024,low,False,0.0
sub_00158,hybrid,P5_top_k_streaming,python,80.2,0.0,362.6,87.96,362.6,256.0,13.34,242.66,94.79,1.0,1024,low,False,0.0
sub_00159,hybrid,P1_prefix_sums,cpp,80.23,0.0,564.64,33.82,564.64,256.0,6.61,249.39,97.42,1.0,1024,low,False,0.0
sub_00160,hybrid,P3_floyd_warshall,python,80.52,0.0,609.94,335.17,609.94,256.0,10.08,245.92,96.06,1.0,1024,low,False,0.0
sub_00161,hybrid,P2_knapsack_2d_dp,cpp,80.59,0.0,673.57,162.38,673.57,2048.0,213.04,1834.96,89.6,2.0,2048,high,False,0.0
sub_00162,hybrid,P2_knapsack_2d_dp,cpp,80.87,0.0,656.08,158.16,656.08,2048.0,207.5,1840.5,89.87,2.0,2048,high,False,0.0
sub_00163,hybrid,P5_top_k_streaming,python,81.15,0.0,361.08,87.59,361.08,256.0,13.29,242.71,94.81,1.0,1024,low,False,0.0
sub_00164,hybrid,P3_floyd_warshall,python,81.27,0.0,641.13,352.31,641.13,256.0,10.6,245.4,95.86,1.0,1024,low,False,0.0
sub_00165,hybrid,P4_game_tree_search,python,82.26,0.0,595.3,306.55,595.3,256.0,9.72,246.28,96.2,1.0,1024,low,False,0.0
sub_00166,hybrid,P2_knapsack_2d_dp,cpp,84.22,0.0,671.73,161.94,671.73,2048.0,212.46,1835.54,89.63,2.0,2048,high,False,0.0
sub_00167,hybrid,P5_top_k_streaming,python,84.52,0.0,371.79,90.19,371.79,256.0,13.68,242.32,94.66,1.0,1024,low,False,0.0
sub_00168,hybrid,P1_prefix_sums,python,85.06,0.0,338.32,55.4,338.32,256.0,10.25,245.75,96.0,1.0,1024,low,False,0.0
sub_00169,hybrid,P1_prefix_sums,python,85.06,0.0,340.75,55.8,340.75,256.0,10.32,245.68,95.97,1.0,1024,low,False,0.0
sub_00170,hybrid,P5_top_k_streaming,cpp,85.23,0.0,728.18,42.54,728.18,256.0,6.69,249.31,97.38,1.0,1024,low,False,0.0
sub_00171,hybrid,P5_top_k_streaming,cpp,85.31,0.0,730.93,42.7,730.93,256.0,6.72,249.28,97.38,1.0,1024,low,False,0.0
sub_00172,hybrid,P1_prefix_sums,cpp,85.36,0.0,542.35,32.48,542.35,256.0,6.35,249.65,97.52,1.0,1024,low,False,0.0
sub_00173,hybrid,P4_game_tree_search,java,86.38,0.0,920.8,163.98,920.8,256.0,19.28,236.72,92.47,1.0,1024,low,False,0.0
sub_00174,hybrid,P3_floyd_warshall,cpp,86.51,0.0,642.56,49.9,642.56,256.0,6.99,249.01,97.27,1.0,1024,low,False,0.0
sub_00175,hybrid,P5_top_k_streaming,cpp,86.89,0.0,705.3,41.2,705.3,256.0,6.48,249.52,97.47,1.0,1024,low,False,0.0
sub_00176,hybrid,P1_prefix_sums,cpp,87.04,0.0,534.89,32.04,534.89,256.0,6.26,249.74,97.55,1.0,1024,low,False,0.0
sub_00177,hybrid,P5_top_k_streaming,python,87.1,0.0,370.48,89.87,370.48,256.0,13.63,242.37,94.68,1.0,1024,low,False,0.0
sub_00178,hybrid,P5_top_k_streaming,cpp,87.45,0.0,729.14,42.59,729.14,256.0,6.7,249.3,97.38,1.0,1024,low,False,0.0
sub_00179,hybrid,P4_game_tree_search,java,87.73,0.0,929.26,165.48,929.26,256.0,19.46,236.54,92.4,1.0,1024,low,False,0.0
sub_00180,hybrid,P5_top_k_streaming,python,87.84,0.0,364.35,88.39,364.35,256.0,13.41,242.59,94.76,1.0,1024,low,False,0.0
sub_00181,hybrid,P2_knapsack_2d_dp,cpp,87.84,0.0,673.93,162.46,673.93,2048.0,213.15,1834.85,89.59,2.0,2048,high,False,0.0
sub_00182,hybrid,P5_top_k_streaming,cpp,87.93,0.0,703.11,41.07,703.11,256.0,6.46,249.54,97.48,1.0,1024,low,False,0.0
sub_00183,hybrid,P4_game_tree_search,java,88.74,0.0,946.36,168.53,946.36,256.0,19.81,236.19,92.26,1.0,1024,low,False,0.0
sub_00184,hybrid,P3_floyd_warshall,cpp,89.62,0.0,616.05,47.84,616.05,256.0,6.7,249.3,97.38,1.0,1024,low,False,0.0
sub_00185,hybrid,P2_knapsack_2d_dp,python,89.64,0.0,568.12,265.65,568.12,2048.0,215.05,1832.95,89.5,2.0,2048,high,False,0.0
sub_00186,hybrid,P1_prefix_sums,cpp,89.8,0.0,547.29,32.78,547.29,256.0,6.41,249.59,97.5,1.0,1024,low,False,0.0
sub_00187,hybrid,P1_prefix_sums,python,90.33,0.0,341.77,55.96,341.77,256.0,10.35,245.65,95.96,1.0,1024,low,False,0.0
sub_00188,hybrid,P5_top_k_streaming,python,90.42,0.0,370.32,89.83,370.32,256.0,13.62,242.38,94.68,1.0,1024,low,False,0.0
sub_00189,hybrid,P3_floyd_warshall,python,90.46,0.0,618.43,339.84,618.43,256.0,10.22,245.78,96.01,1.0,1024,low,False,0.0
sub_00190,hybrid,P5_top_k_streaming,java,90.93,0.0,796.26,255.4,796.26,256.0,27.54,228.46,89.24,1.0,1024,low,False,0.0
sub_00191,hybrid,P5_top_k_streaming,cpp,91.56,0.0,721.22,42.13,721.22,256.0,6.63,249.37,97.41,1.0,1024,low,False,0.0
sub_00192,hybrid,P5_top_k_streaming,cpp,91.58,0.0,710.69,41.51,710.69,256.0,6.53,249.47,97.45,1.0,1024,low,False,0.0
sub_00193,hybrid,P4_game_tree_search,cpp,91.82,0.0,567.74,55.17,567.74,256.0,6.35,249.65,97.52,1.0,1024,low,False,0.0
sub_00194,hybrid,P4_game_tree_search,c,91.96,0.0,397.13,52.07,397.13,256.0,6.2,249.8,97.58,1.0,1024,low,False,0.0
sub_00195,hybrid,P5_top_k_streaming,cpp,92.05,0.0,717.82,41.93,717.82,256.0,6.6,249.4,97.42,1.0,1024,low,False,0.0
sub_00196,hybrid,P1_prefix_sums,java,93.89,0.0,961.79,147.66,961.79,256.0,21.23,234.77,91.71,1.0,1024,low,False,0.0
sub_00197,hybrid,P3_floyd_warshall,cpp,94.09,0.0,636.45,49.42,636.45,256.0,6.92,249.08,97.3,1.0,1024,low,False,0.0
sub_00198,hybrid,P1_prefix_sums,cpp,94.54,0.0,551.23,33.01,551.23,256.0,6.45,249.55,97.48,1.0,1024,low,False,0.0
sub_00199,hybrid,P3_floyd_warshall,cpp,94.87,0.0,636.47,49.42,636.47,256.0,6.92,249.08,97.3,1.0,1024,low,False,0.0
sub_00200,hybrid,P1_prefix_sums,cpp,95.3,0.0,557.82,33.41,557.82,256.0,6.53,249.47,97.45,1.0,1024,low,False,0.0
sub_00201,hybrid,P1_prefix_sums,python,95.64,0.0,347.65,56.93,347.65,256.0,10.53,245.47,95.89,1.0,1024,low,False,0.0
sub_00202,hybrid,P1_prefix_sums,cpp,96.91,0.0,540.95,32.4,540.95,256.0,6.33,249.67,97.53,1.0,1024,low,False,0.0
sub_00203,hybrid,P5_top_k_streaming,cpp,97.04,0.0,700.22,40.9,700.22,256.0,6.44,249.56,97.49,1.0,1024,low,False,0.0
sub_00204,hybrid,P5_top_k_streaming,cpp,97.09,0.0,704.16,41.13,704.16,256.0,6.47,249.53,97.47,1.0,1024,low,False,0.0
sub_00205,hybrid,P1_prefix_sums,cpp,97.56,0.0,543.29,32.54,543.29,256.0,6.36,249.64,97.52,1.0,1024,low,False,0.0
sub_00206,hybrid,P2_knapsack_2d_dp,java,97.62,0.0,1091.27,309.52,1091.27,2048.0,230.5,1817.5,88.75,2.0,2048,high,False,0.0
sub_00207,hybrid,P1_prefix_sums,cpp,97.77,0.0,564.15,33.79,564.15,256.0,6.6,249.4,97.42,1.0,1024,low,False,0.0
sub_00208,hybrid,P1_prefix_sums,cpp,97.79,0.0,562.84,33.71,562.84,256.0,6.59,249.41,97.43,1.0,1024,low,False,0.0
sub_00209,hybrid,P5_top_k_streaming,java,97.87,0.0,815.4,261.54,815.4,256.0,28.21,227.79,88.98,1.0,1024,low,False,0.0
sub_00210,hybrid,P3_floyd_warshall,java,98.24,0.0,965.25,151.64,965.25,256.0,20.22,235.78,92.1,1.0,1024,low,False,0.0
sub_00211,hybrid,P1_prefix_sums,c,98.29,0.0,369.85,35.66,369.85,256.0,6.07,249.93,97.63,1.0,1024,low,False,0.0
sub_00212,hybrid,P2_knapsack_2d_dp,cpp,98.89,0.0,662.86,159.8,662.86,2048.0,209.65,1838.35,89.76,2.0,2048,high,False,0.0
sub_00213,hybrid,P1_prefix_sums,python,98.99,0.0,333.69,54.64,333.69,256.0,10.11,245.89,96.05,1.0,1024,low,False,0.0
sub_00214,hybrid,P2_knapsack_2d_dp,cpp,99.28,0.0,656.97,158.38,656.97,2048.0,207.79,1840.21,89.85,2.0,2048,high,False,0.0
sub_00215,hybrid,P5_top_k_streaming,cpp,100.72,0.0,710.73,41.52,710.73,256.0,6.53,249.47,97.45,1.0,1024,low,False,0.0
sub_00216,hybrid,P1_prefix_sums,cpp,100.74,0.0,553.18,33.13,553.18,256.0,6.48,249.52,97.47,1.0,1024,low,False,0.0
sub_00217,hybrid,P1_prefix_sums,java,100.76,0.0,923.72,141.81,923.72,256.0,20.39,235.61,92.04,1.0,1024,low,False,0.0
sub_00218,hybrid,P3_floyd_warshall,java,101.33,0.0,985.04,154.75,985.04,256.0,20.63,235.37,91.94,1.0,1024,low,False,0.0
sub_00219,hybrid,P3_floyd_warshall,cpp,101.7,0.0,637.11,49.47,637.11,256.0,6.93,249.07,97.29,1.0,1024,low,False,0.0
sub_00220,hybrid,P2_knapsack_2d_dp,cpp,103.0,0.0,682.77,164.6,682.77,2048.0,215.95,1832.05,89.46,2.0,2048,high,False,0.0
sub_00221,hybrid,P5_top_k_streaming,cpp,103.21,0.0,701.2,40.96,701.2,256.0,6.45,249.55,97.48,1.0,1024,low,False,0.0
sub_00222,hybrid,P2_knapsack_2d_dp,python,103.67,0.0,568.45,265.81,568.45,2048.0,215.18,1832.82,89.49,2.0,2048,high,False,0.0
sub_00223,hybrid,P1_prefix_sums,cpp,103.89,0.0,565.72,33.88,565.72,256.0,6.62,249.38,97.41,1.0,1024,low,False,0.0
sub_00224,hybrid,P5_top_k_streaming,cpp,104.64,0.0,700.91,40.94,700.91,256.0,6.44,249.56,97.48,1.0,1024,low,False,0.0
sub_00225,hybrid,P1_prefix_sums,cpp,105.16,0.0,543.3,32.54,543.3,256.0,6.36,249.64,97.52,1.0,1024,low,False,0.0
sub_00226,hybrid,P1_prefix_sums,java,105.56,0.0,955.94,146.76,955.94,256.0,21.1,234.9,91.76,1.0,1024,low,False,0.0
sub_00227,hybrid,P1_prefix_sums,java,106.37,0.0,974.9,149.67,974.9,256.0,21.52,234.48,91.59,1.0,1024,low,False,0.0
sub_00228,hybrid,P1_prefix_sums,cpp,107.03,0.0,557.6,33.4,557.6,256.0,6.53,249.47,97.45,1.0,1024,low,False,0.0
sub_00229,hybrid,P5_top_k_streaming,java,107.6,0.0,776.65,249.11,776.65,256.0,26.87,229.13,89.51,1.0,1024,low,False,0.0
sub_00230,hybrid,P5_top_k_streaming,cpp,108.43,0.0,706.87,41.29,706.87,256.0,6.5,249.5,97.46,1.0,1024,low,False,0.0
sub_00231,hybrid,P5_top_k_streaming,java,108.45,0.0,803.71,257.8,803.71,256.0,27.8,228.2,89.14,1.0,1024,low,False,0.0
sub_00232,hybrid,P1_prefix_sums,java,108.71,0.0,975.88,149.82,975.88,256.0,21.54,234.46,91.59,1.0,1024,low,False,0.0
sub_00233,hybrid,P1_prefix_sums,cpp,108.95,0.0,550.48,32.97,550.48,256.0,6.44,249.56,97.48,1.0,1024,low,False,0.0
sub_00234,hybrid,P1_prefix_sums,python,108.97,0.0,349.82,57.28,349.82,256.0,10.6,245.4,95.86,1.0,1024,low,False,0.0
sub_00235,hybrid,P1_prefix_sums,cpp,109.01,0.0,564.23,33.79,564.23,256.0,6.6,249.4,97.42,1.0,1024,low,False,0.0
sub_00236,hybrid,P5_top_k_streaming,cpp,109.11,0.0,737.17,43.06,737.17,256.0,6.78,249.22,97.35,1.0,1024,low,False,0.0
sub_00237,hybrid,P1_prefix_sums,cpp,109.78,0.0,539.79,32.33,539.79,256.0,6.32,249.68,97.53,1.0,1024,low,False,0.0
sub_00238,hybrid,P5_top_k_streaming,cpp,109.94,0.0,700.08,40.89,700.08,256.0,6.44,249.56,97.49,1.0,1024,low,False,0.0
sub_00239,hybrid,P2_knapsack_2d_dp,java,110.17,0.0,1095.13,310.62,1095.13,2048.0,231.31,1816.69,88.71,2.0,2048,high,False,0.0
sub_00240,hybrid,P5_top_k_streaming,python,110.86,0.0,378.5,91.82,378.5,256.0,13.93,242.07,94.56,1.0,1024,low,False,0.0
sub_00241,hybrid,P1_prefix_sums,cpp,111.57,0.0,566.36,33.92,566.36,256.0,6.63,249.37,97.41,1.0,1024,low,False,0.0
sub_00242,hybrid,P1_prefix_sums,java,111.72,0.0,947.51,145.46,947.51,256.0,20.91,235.09,91.83,1.0,1024,low,False,0.0
sub_00243,hybrid,P1_prefix_sums,cpp,111.75,0.0,564.74,33.82,564.74,256.0,6.61,249.39,97.42,1.0,1024,low,False,0.0
sub_00244,hybrid,P1_prefix_sums,python,112.11,0.0,338.05,55.35,338.05,256.0,10.24,245.76,96.0,1.0,1024,low,False,0.0
sub_00245,hybrid,P1_prefix_sums,cpp,112.22,0.0,563.3,33.74,563.3,256.0,6.59,249.41,97.42,1.0,1024,low,False,0.0
sub_00246,hybrid,P1_prefix_sums,cpp,113.73,0.0,557.28,33.38,557.28,256.0,6.52,249.48,97.45,1.0,1024,low,False,0.0
sub_00247,hybrid,P4_game_tree_search,python,114.04,0.0,606.57,312.35,606.57,256.0,9.9,246.1,96.13,1.0,1024,low,False,0.0
sub_00248,hybrid,P5_top_k_streaming,cpp,114.7,0.0,700.09,40.9,700.09,256.0,6.44,249.56,97.49,1.0,1024,low,False,0.0
sub_00249,hybrid,P1_prefix_sums,python,115.08,0.0,335.68,54.97,335.68,256.0,10.17,245.83,96.03,1.0,1024,low,False,0.0
sub_00250,hybrid,P2_knapsack_2d_dp,cpp,115.12,0.0,655.6,158.05,655.6,2048.0,207.35,1840.65,89.88,2.0,2048,high,False,0.0
